customer_tenure_months,monthly_charges,support_tickets,churn_label
63.57425908258765,64.28918503027703,0,0
66.48732732373392,46.04664674891253,0,0
35.01888211102093,49.53874357509951,0,0
59.493573266292984,23.447155589736603,0,0
27.722298788892477,49.030422177960354,0,0
48.784297823988325,53.4614308386555,0,0
33.19960806976637,33.87514096656577,0,0
43.784155125395614,53.374240533374916,0,0
57.34189981251795,80.78405071264021,0,0
65.26720931750093,72.06252882218416,1,0
2.989185916929138,73.66468145935053,1,0
29.304185578037686,45.58645926499131,0,0
69.41327750635655,44.16437556040209,0,0
45.00238031995337,58.773736117283384,0,0
44.42924897737877,41.94918324471707,0,0
62.86985425530621,60.637463924996894,0,0
0.8913620981531807,64.59246659557922,1,0
27.074067793219452,82.87508742605499,0,0
62.8186238642633,30.301521467261477,1,0
14.746154964933663,65.79797525486674,0,0
45.64524813217638,42.80720775031664,0,0
7.892323903367178,72.78075110860067,1,0
35.296261578116386,55.527762964942276,1,0
65.29582361257133,52.23240110592953,0,0
11.508575220274587,64.3939744191596,0,0
39.24769745928688,64.75024524055569,0,0
60.96993243257037,44.49605329682778,0,0
29.462934794674265,51.62374926670729,2,0
50.908999521659226,41.128202998028414,0,0
77.67520234655652,52.32227328203894,0,0
58.08331297708361,64.17481961340158,1,0
48.80587389226806,73.25139576281695,0,0
73.88848381780478,22.60406458516637,1,0
47.63341261070646,67.2964775874039,0,0
42.594357494636526,61.4487043324727,1,0
26.00531303926336,32.436421608688995,0,0
60.293209682873474,26.288657193921164,0,0
81.77307281554094,50.33478881354327,0,0
6.552271362419916,48.934154427617706,0,0
29.85973685254629,50.90797991979982,0,0
43.48032639430355,73.04084641147774,0,0
29.26073967937472,27.38671310153282,1,0
59.37512017096357,33.26860808138842,1,0
56.129899189845,29.52452343613528,0,0
52.26772660490243,67.54637068222101,0,0
78.06146467649128,60.60440737897311,0,0
50.8270796384159,52.46079910518844,0,0
35.324806806270416,42.33657051931176,0,0
4.090691726738472,109.67600573870826,6,1
53.5941800997757,44.30870580682877,0,0
24.799886486259712,59.39996174153474,0,0
58.35156946531451,78.78792983025917,0,0
36.38426132566623,33.5835887943657,1,0
8.232379166527778,43.602748685851495,0,0
63.276320393078024,46.57759142007233,1,0
55.25252114505075,11.53067620062599,1,0
59.36894747850111,63.1776416576784,0,0
10.587751199597644,130.57117902498578,0,1
10.824801857879482,88.00992329855329,7,1
78.43288807444335,41.167743950279515,0,0
27.411493711946427,55.984462585024964,0,0
52.054209507372,47.87303651325932,0,0
37.960551468263226,51.072263335736736,0,0
37.59704684395182,66.5206397707933,0,0
49.90611196754583,55.51712384468547,0,0
34.40998335807872,27.576731200492567,0,0
41.903290309653336,48.667202154979485,1,0
80.66895997538606,67.97877722862003,0,0
7.8192503388597405,121.88654390511194,1,1
51.086306602779935,61.377835278484255,1,0
86.3499615795086,73.13391428063498,0,0
45.91883975030037,63.17854934111509,0,0
57.928574790985294,57.643626921044124,1,0
31.35211914184177,53.28102928122432,0,0
29.268828353764974,46.659354275864736,0,0
20.87052861091508,48.46778779222365,1,0
46.661411731551595,70.86692974774124,0,0
77.97488138748162,60.1525110543307,0,0
56.46763704436546,47.720511382277046,0,0
48.07423275056459,45.80683403589319,0,0
37.54973413477678,51.268794191657335,0,0
36.138714208585725,54.92844304562022,0,0
29.963421656704703,44.6745701340504,0,0
32.12909988247439,32.58783285931535,0,0
54.13675967672151,58.0150116620279,0,0
88.76624799930764,43.93166207200996,1,0
60.5496874636069,40.844653604093594,0,0
35.749053908461995,43.451650334781995,0,0
31.213359593718287,40.18294345838807,0,0
29.980754456415895,61.071015581064465,0,0
86.2099556583785,64.22099985152605,0,0
61.43159047576522,60.904035623676144,0,0
3.9983211113090116,87.9018054350786,3,1
65.62830457493337,31.01661219632891,0,0
57.70780408327498,57.73508821461697,0,0
5.919969428147446,79.68274711476627,0,0
26.32647250590584,47.22058399513513,0,0
65.82142122814112,25.97046686573254,0,0
84.15982177097882,60.924918189194486,0,0
69.13447394498064,23.39656370694709,0,0
44.25565929732342,35.74572723900168,0,0
54.438894001723384,46.21427634348604,1,0
27.99314022139282,66.66498732899689,0,0
52.89786723182736,52.440505514629855,1,0
49.749712610814086,41.037513857868234,0,0
45.21678274013763,41.317172887329576,0,0
57.267302428218294,33.733083243427956,1,0
48.00675888362915,42.0689978317729,1,0
0.0,46.804029401145186,0,0
34.19877453178493,50.97409869416298,0,0
32.884062430302116,59.33322690118625,0,0
42.35721631375788,52.88874471330732,0,0
50.645591130578815,32.19008092461168,0,0
0.0,76.21819491988153,7,1
41.21817515735527,40.52343445655586,0,0
42.947223066062705,80.60354663640965,0,0
2.6709107566063324,45.033152861992924,0,0
64.2126972440661,52.65689514394331,0,0
48.15135276680124,28.924989561882576,1,0
41.94935054751525,41.59333233486535,1,0
39.61126869070709,59.481523598069316,0,0
18.29397476548009,57.957670954709826,0,0
80.53661188933738,50.26537132151858,0,0
33.34135152033449,56.038629834940735,1,0
16.392081597925106,69.50867019594759,0,0
41.806333439941874,52.55317731315047,0,0
45.61240067512437,74.81475193164817,0,0
65.28207136331713,55.70312700659875,1,0
11.542880666865313,86.25250013394542,3,1
40.38540215375033,38.23282168376968,0,0
31.213803330541317,44.879594538734,0,0
18.055592634632465,48.27059934783231,1,0
21.135205305546325,64.63037598449733,0,0
54.95205276147858,69.11523417409182,0,0
53.217957208982334,46.608311622962376,0,0
5.165174407944366,101.47838866065614,4,1
41.92349263439398,53.378453685270095,0,0
72.20904226018753,47.43677124542158,0,0
28.377319901216875,56.01900099149462,0,0
37.128420276344464,58.82205801597447,0,0
43.10643435961747,81.32378445451766,1,0
42.93708795082584,75.597114087665,1,0
30.170904392217516,69.57201537002368,0,0
27.118461277542437,46.578901939769615,0,0
2.678093510158085,33.71467074550581,1,0
73.22177689648763,56.90233438265819,0,0
45.294363455250505,23.298796247580547,0,0
38.49542118056684,48.602129440701354,0,0
30.717346569684388,57.36624055021383,0,0
46.65302902874321,34.421038016318526,0,0
42.13389508284783,54.47954364170695,0,0
76.15254648325617,62.695501944951786,0,0
36.25265673055392,48.87081194611874,0,0
39.34462785646721,51.19621278612344,1,0
58.752242797780205,61.140681511451895,0,0
56.93468603409048,75.86099381941371,0,0
23.31059044379527,53.50481728657658,0,0
54.57442927262112,60.24346910898892,0,0
66.7963670489628,45.65568049530257,1,0
70.99757503421883,60.4615284527876,1,0
22.84004455882991,60.84673029094031,0,0
44.40991737093321,57.49669214477806,1,0
25.398243720565123,75.94494331014812,0,0
60.46654245017933,46.120573528337516,1,0
47.77801663082599,50.62737642578709,0,0
66.63335558868413,71.54839018683901,0,0
54.62591240269772,45.64075115547617,0,0
28.634796131786526,62.31544715549839,0,0
46.475246526943174,77.81091106344347,0,0
31.525647585934372,62.20450080477686,0,0
25.67516548292794,56.83615698819126,0,0
35.77493287870685,47.78396959220517,0,0
48.45709284118237,67.61351979796385,1,0
27.586258182780433,35.08191605332288,0,0
47.209532281659826,28.54146572690501,1,0
7.213336854636713,99.64120637255209,4,1
10.792483660562866,50.68975124549853,1,0
77.12683393939844,32.73264868666198,0,0
37.66229482255801,83.61407556680115,0,0
41.35894856612258,37.92172714820308,0,0
38.42034581771422,63.834713623967886,0,0
7.066977113332887,97.08967239074342,0,1
47.91958007531025,49.941448204576034,1,0
61.04210100314694,51.407762868026616,0,0
50.054817210149004,34.01619211763864,0,0
44.59827956864889,50.333364479846736,0,0
63.193759514365865,71.69793999439045,0,0
38.293236699789524,47.83249707590376,0,0
44.02932682514499,53.84552412988048,2,0
40.46480095793264,55.1305013208803,0,0
69.63532124584043,55.94237706101857,0,0
0.0,87.41382688450204,5,1
46.18761052260628,61.85973466756123,2,0
5.811341060824134,58.488996132451305,0,0
51.43717754817125,51.083015578946345,0,0
57.63432239231814,70.62341262135475,1,0
61.4939394555595,66.63182093781839,1,0
41.36508692972707,56.261349135695696,0,0
56.72023021922088,43.14099338263818,2,0
20.373117301901164,126.69025094888082,5,1
8.47343113190523,48.682503692801944,0,0
65.19552694564932,59.237989569542584,0,0
42.06106973518593,49.947323308408265,0,0
49.25801190673333,53.9992644759169,0,0
33.78015507582654,32.36037919944363,0,0
57.58017521311842,62.74593332933699,1,0
51.52618735683416,68.41693292096821,0,0
14.963054615855306,44.60002856343534,0,0
32.6602674001813,43.440963148868164,1,0
70.51390898216546,40.44725328898264,0,0
59.356169034505236,78.61096062000524,0,0
39.060215032093126,62.305179767507745,0,0
39.28290115407518,49.55485688368588,0,0
29.040457676721,40.98514410300102,0,0
30.033538608519926,34.72254468482929,0,0
48.61748963745615,62.07056575307948,0,0
74.53296160933844,46.080207162286754,0,0
39.33306209248901,56.87246085397556,0,0
45.5580651294838,70.9527235658211,0,0
31.873043153419644,34.83150132048686,1,0
43.29258053008739,40.56302691452443,0,0
51.16043916867328,57.89005319296256,0,0
79.15209719995423,46.89057975345075,0,0
66.12813181163267,47.62037756131584,0,0
66.12354211810369,62.50793355323335,0,0
14.794506778712137,94.69699962533996,2,1
28.54176753253803,44.907129732639284,2,0
45.008329637466844,41.904317417862735,0,0
34.05686025668549,49.05636862610185,2,0
37.045442717738844,66.94650621288568,0,0
49.966564536501224,25.635710416805235,0,0
56.54200751258033,48.38781954859691,0,0
66.68196920600174,59.50510601539331,0,0
11.621464852399573,65.4547955564289,6,1
47.67567992583778,29.406910173473975,0,0
30.34421659287382,33.97184732347029,1,0
66.79506886674326,55.28700598262448,0,0
59.04473049030185,48.7457952367101,0,0
37.34099324253836,21.632340049944,1,0
60.291994683220345,42.622317717063964,1,0
47.01297745773799,69.15867774060087,2,0
65.41399448651603,49.11186352850957,0,0
7.340140240709422,143.6302100482108,1,1
41.368755982612974,48.61332737239153,0,0
16.43622909294418,62.21711330440699,1,0
36.7257841451617,58.8407102227946,0,0
74.9671199527245,50.31167442253128,1,0
93.04574908985958,36.74527645326944,0,0
53.0337484901029,56.611766953338524,0,0
36.1271865328449,29.284787328708546,0,0
40.06841525328393,57.42983614905801,0,0
44.14671401083308,63.16303714643945,1,0
39.0542307637112,42.59099923527146,0,0
59.23169699795464,32.65324913960169,0,0
20.254948051298882,64.82547972331012,2,0
45.57191638257549,50.162622028487064,1,0
77.97911655203102,47.41677032757263,0,0
63.80963757425263,52.75989423843796,0,0
81.8355878409186,43.04302495855194,0,0
42.65605016251346,26.676625475014834,1,0
33.48574375816441,41.58320859441975,0,0
50.72976774615162,50.334304130120564,1,0
31.26874832754993,50.39046685700163,1,0
35.74811952469249,23.6346756946757,0,0
41.2372639892689,46.02772341307162,0,0
67.09532934877251,74.74875835548144,0,0
61.93586521028591,50.702164156823066,0,0
0.0,72.7267536948752,1,1
46.8888173103731,58.6808507301897,0,0
76.79911301161604,40.349086412333726,0,0
52.946103529687214,40.77789742717954,0,0
28.51143061231965,56.016479061688464,1,0
48.14679635627271,41.83790565609974,0,0
28.0860819131992,67.2395144394666,0,0
35.67677102880701,45.422373883246266,0,0
9.125083578269294,61.88319159749927,5,1
12.062380803423183,100.50000090127762,3,1
47.082785960648145,57.16992102543551,0,0
49.83368492597395,40.83016330107711,0,0
43.692234977048976,66.2340713735467,0,0
7.036542021290529,85.03347521989039,0,0
58.375853614388845,36.004829881861525,0,0
57.134030465466275,64.11606881535414,1,0
48.30866016069742,50.06011543741106,0,0
32.620478981737854,37.94231665935159,0,0
77.09084401939654,34.108186246105994,1,0
36.44461466299191,37.09144276413064,1,0
30.741944845656686,39.05068750455975,1,0
46.86364465154726,32.5710365983541,0,0
57.781845764445265,66.52609743271366,0,0
53.9914061342037,49.865772367545816,0,0
55.34177525284986,56.19474314063551,0,0
66.42467347737559,32.71325821272926,0,0
50.32165650200077,68.02194099047387,1,0
69.25259380828057,42.01973993692672,0,0
5.6171304980816235,96.37879131515619,3,1
43.60077293267899,56.71911952977909,0,0
37.11369664217901,35.6641990119777,0,0
70.06532095223358,55.48573188101513,1,0
56.888387679989464,49.54407307389368,0,0
39.19135417399909,35.4494970175217,1,0
37.242137284347734,33.9854532782666,1,0
26.656357908845177,62.318490774840285,1,0
75.6207518810188,68.12150142062774,0,0
53.71693675293844,34.3496231530079,0,0
16.14652112699801,118.40734110408943,0,1
82.97079379380862,27.85804398497649,1,0
78.79673558328783,62.58052347989505,0,0
37.78739490458102,51.16533274053825,0,0
97.35094068256821,30.049860626764943,0,0
58.93598915765578,43.264350941954234,1,0
24.224440668114458,41.83296205058928,0,0
49.6733631532004,37.12411565284645,0,0
47.11427484989993,64.28615424496492,0,0
52.904006189848815,37.37646295598154,1,0
50.56632885125191,75.19014941451806,0,0
17.512765094524802,79.44767614597014,7,1
32.543851611787176,45.062363340356875,1,0
50.92396285362344,84.30328090961757,1,0
37.54750141905363,44.510943250495004,0,0
48.7470545567721,29.206533478920118,1,0
42.15896057530799,64.92723055318879,0,0
37.774686415145915,37.11340526659804,0,0
58.76717407172082,68.7388896478491,0,0
54.29498203238189,29.21246991213386,0,0
52.83124980599079,37.27109094310475,0,0
37.237034045984984,41.94496274325181,0,0
55.61289904796708,58.56785393404106,0,0
44.54873433979679,42.76681546877272,0,0
13.560620169741348,81.22409658614761,1,1
63.205208573210456,59.91874147996563,0,0
59.87059232181731,67.61816139567406,0,0
0.0,45.57779486264541,0,0
6.5669968687239475,35.05739675935059,0,0
73.29913996201869,71.79667263197011,2,0
22.547911197916086,47.796555032597574,1,0
21.387242041011653,56.277208098838564,1,0
42.4343495232558,42.92144732552063,1,0
49.76137811809632,44.230774918182306,0,0
36.28713672040741,42.91777852297849,0,0
0.0,62.51064848763106,0,0
47.80109521222919,67.83997545728684,1,0
77.43659846829439,42.30484117077121,0,0
20.23636340718484,44.12894219486199,2,0
74.67469490310447,68.44719227068082,0,0
39.98357772638657,78.48487567011992,0,0
77.11511556461906,58.555282139510865,1,0
56.227357415618904,55.219973369246965,0,0
35.17702070100273,78.90960734607013,0,0
56.3400106441737,53.71792966128886,2,0
68.61147543190859,53.74694880539499,0,0
18.70020332936509,43.00993872704034,0,0
46.980101327790074,60.5191444201383,0,0
63.63297818738262,40.68508864353541,1,0
38.8262181291164,43.7130977303603,0,0
21.315475649895568,45.94501966954809,0,0
81.87600906797636,58.7359837998186,0,0
12.489534533936784,45.68535322306745,1,0
39.34029131551678,63.451541973099985,0,0
43.702175977997804,35.58551691899676,0,0
82.69203615163276,45.00731238940068,0,0
4.949805258642158,51.79278121751772,0,0
44.72464136840353,52.86792590105651,0,0
33.52224666671783,61.14187203045599,0,0
33.41084173387656,36.5811659399139,0,0
73.1576583161565,50.86402662042101,0,0
27.497100714258618,35.61916795348795,1,0
22.374710493217453,59.67751409932424,0,0
23.822357787511418,43.2168023379988,0,0
47.957735265878064,62.40580963926297,0,0
44.548083433888856,50.32778411864891,0,0
40.18019213582361,51.86119207564311,0,0
35.40570001780869,89.85694342039757,1,0
70.5767355636285,65.15727079635305,0,0
9.551065075298965,60.35146572684008,0,0
66.78466413238263,50.23835737607492,2,0
19.815617545909497,44.81492703667874,1,0
64.33115499042844,42.97545756482808,0,0
59.584683480456526,70.93714077055483,0,0
56.35653279688353,41.1039305231959,1,0
43.36811735748705,58.65818042294086,0,0
37.277877600009,41.75902070234989,1,0
48.41114807603333,37.2694735311882,0,0
65.26551993063457,44.18680927593201,1,0
39.271616797274454,60.97276994280713,0,0
35.77655163714402,66.24570996776559,0,0
44.22791981205398,53.74095327996649,0,0
6.0615694641057445,115.81847486211842,3,1
42.065312879973256,58.91069039061729,0,0
74.80223199455837,47.87044634785843,0,0
31.096561547808847,44.78738205917203,1,0
3.618669800095205,123.59861621298768,3,1
61.62854472947825,66.82805076618517,0,0
19.055425073981286,42.59864659774308,1,0
32.15772354775329,36.14700518566009,0,0
44.09281165692028,47.30661203025176,0,0
43.923743891646616,63.72754011475247,0,0
35.40429150101273,61.395908192094275,0,0
63.23846784732407,47.71051028795264,0,0
48.64721768246105,43.795752117008924,0,0
46.300359121122796,83.76820419485759,1,0
68.32956320758058,39.09029908184069,1,0
31.921140353009108,50.766721657957724,0,0
34.614841019484906,40.83642952851723,0,0
37.99163534139299,63.58157820621365,0,0
19.868065757130495,63.94500164963688,0,0
44.60382025959918,35.12060222109382,1,0
56.24789658368745,53.79482326760135,0,0
22.209554824259868,15.384971840794037,1,0
26.118768967952917,52.407998583252834,0,0
45.73847813235491,9.258888046977148,1,0
51.16833768552885,55.540369348464324,0,0
40.535311783644836,46.00124227958493,0,0
37.936301214070305,29.422732508982747,1,0
69.28943293668449,58.5137269709238,0,0
34.527101470922155,51.15613843172375,0,0
72.23563545041162,36.68558092789165,0,0
34.84940641619774,61.28774567548283,0,0
54.32240802304821,49.167935956195244,0,0
34.41125653335212,56.398793765250375,1,0
37.27008234377301,45.48435577131377,2,0
33.58304920794508,47.91642756553957,0,0
58.112317892780005,73.63268988942261,0,0
74.33517017732201,41.65166960725497,0,0
46.85580881359726,54.49257770597528,0,0
26.148013248184068,54.62700153975303,1,0
56.30022808639806,32.83529087352066,1,0
71.56407006712695,54.78489942173069,0,0
60.68838193552276,26.192945474142928,0,0
20.106077418399998,80.6201681900067,0,0
34.0184489031893,71.37029355712683,0,0
14.187315003182789,93.46203497231971,2,1
46.063322878779566,66.97227107402966,0,0
55.337168299413534,51.412503388679916,1,0
65.0699417658343,27.927832181223135,0,0
52.21772361174607,23.18785494699484,0,0
72.26505472938445,49.423284965517034,2,0
78.28575011345609,74.88742081732764,0,0
70.83558876603519,85.48145442772679,0,0
32.864859302666076,54.340572821321274,0,0
57.55690813832509,35.00535797115706,0,0
54.899746156981436,77.67839449932761,0,0
79.09731957985584,36.0679872527661,1,0
101.47546019384151,44.951465167453115,1,0
38.2457784205598,60.231558989734665,0,0
49.2835408639327,69.80595383531096,0,0
47.667491692340406,32.896053330001166,0,0
67.45240078097567,49.69728998184306,1,0
43.72174031951451,59.797654324864595,0,0
58.45263335783981,13.847364749881223,2,0
46.72749407916294,22.19806557960871,0,0
18.883271656837856,25.388438753922678,0,0
45.74484197040798,53.95864681929264,0,0
49.96547196323904,58.96808142760937,0,0
51.120442407139144,68.10187447630253,0,0
65.03959400195781,54.951676616680075,0,0
39.02236193616077,85.46423924160793,0,0
27.576425261728218,59.49717645679436,0,0
3.596167920696736,85.22623435672767,3,1
38.40650176430374,64.34355536316099,0,0
50.149676754838914,54.11017476799711,0,0
47.90724296008358,74.14711203696972,0,0
19.314421451271844,60.04231768807758,0,0
73.11995822231724,41.221079164709586,0,0
52.139495089149186,52.971352874368065,1,0
57.95679738433209,45.16110120602794,0,0
4.146418514553455,117.30563542634962,2,1
44.48494135350448,39.74347934223647,0,0
57.7135346949312,59.41405019171421,2,0
50.141579133626735,29.294705185908583,0,0
61.34883424835101,54.12380638520731,0,0
40.48244763311117,42.29990473384193,0,0
75.50425966327617,34.95207129694101,0,0
26.716577099867344,48.64974477714187,0,0
71.98770514784076,52.17102207532396,0,0
73.4774187480849,80.59784672495788,1,0
52.81037023588841,34.5643056430508,0,0
45.90496276040618,54.60803965875675,0,0
71.83710744318768,56.953588111371644,4,0
64.08561970226114,48.550451312308994,0,0
32.16712635575558,71.59084446610287,0,0
57.081082353928466,53.801298272284285,0,0
42.65823517413275,63.17920473422893,1,0
54.83961052348786,40.54760063000276,0,0
57.93416742726345,31.36480592601644,0,0
32.66465358428549,47.16042022084324,0,0
21.7422769312039,46.93674835223338,0,0
36.63393081601388,44.68839234639211,0,0
69.56781746628432,54.22631553291364,0,0
49.37938488395214,43.08349034269292,0,0
70.02228169324677,43.460032008038034,1,0
78.84709802406331,71.74979382594336,0,0
49.500833194457925,35.49760925424876,0,0
55.909793919977815,70.02512177115855,1,0
62.27555537759167,62.81891483920257,0,0
10.46626929652885,67.10520907725316,0,0
35.500214233498184,67.10216994362219,0,0
46.3094668324901,48.30109881674661,0,0
66.78261425657215,39.7922436356247,0,0
20.88751548202139,45.34407352126223,1,0
60.65272947942444,49.90221236713327,1,0
37.63743217709555,32.43414280627027,1,0
56.891802027170314,56.12541645805706,2,0
40.27965040573233,43.79672911315187,0,0
42.345483533209965,52.72394146460928,1,0
38.28424933076781,47.11810107472762,0,0
40.37874054957042,63.87876889383793,0,0
68.99417568514458,58.04255635534909,1,0
28.436538520793782,40.80039294804903,1,0
22.005963498962434,51.2906108939388,0,0
25.66521256853457,17.41810768893032,0,0
37.53590752539124,43.315230472231235,3,0
44.81395462540171,54.073084430571186,0,0
50.09006863785767,35.5980344337614,0,0
44.90727576979886,61.438288352584394,0,0
35.629124414135276,30.538758561723235,0,0
82.30791612184942,54.60229607301329,2,0
57.86061874354163,47.69827803818878,0,0
33.193789553888024,66.37046828657677,0,0
46.795546931872565,41.64542118576764,0,0
66.38793803616267,47.31630064455112,0,0
37.10114764029154,69.93538781718757,2,0
42.98830977215551,70.14013822248782,0,0
39.20663332861063,21.450809990894715,0,0
67.54334742442956,27.845115552941852,0,0
54.559673261713,71.04152136502373,0,0
35.17305992804056,67.4851200021682,0,0
85.53299405648657,62.17465335295843,1,0
29.102428732598582,48.41018263525751,0,0
46.6421152932747,49.64829962112646,1,0
68.66428170421253,28.007857717859743,1,0
44.872905286022046,43.497668182289466,0,0
41.127442903757554,63.41315516120812,0,0
54.86414115192042,48.291080456288704,0,0
49.975382999905456,63.84987095389081,1,0
32.130123012850085,65.7944922414484,0,0
59.763963650426454,64.38100159257054,1,0
32.20658647515312,56.77060918674953,1,0
22.10106329700205,45.958049242729764,1,0
50.80307503074076,53.559865197160306,0,0
31.672045867408407,35.16357240478028,0,0
48.035004420947374,25.601785288272012,0,0
54.42420641980451,53.007034998097076,0,0
50.908746869896966,41.08046591856026,1,0
103.87835381422832,39.69647955365902,0,0
74.03369939121274,47.56206154463227,0,0
57.76703077917658,63.180343437818706,0,0
56.7318111254701,67.52739481985579,0,0
62.450868574375455,36.00871965489422,0,0
47.906000910660886,79.45105995433191,0,0
46.31896881909053,56.11037959437891,1,0
47.03741918922459,58.28453620499437,0,0
39.490547618137505,35.27463973809154,0,0
84.48022995222115,49.24903275233715,0,0
29.886215002543985,48.512972473653434,0,0
65.43505196643717,23.661117404290312,0,0
62.73423067201515,49.415878754828434,1,0
60.632025987184974,61.99989105325331,1,0
49.23667187960905,42.06717535436053,1,0
32.155282178477066,38.70388717276391,0,0
56.433843309557915,65.9414514367908,1,0
56.42945159318683,52.9619052137342,0,0
90.85022570577473,49.0218123405711,0,0
0.5049294856023128,152.664828786,4,1
53.683350439045306,58.584177893183366,0,0
48.8125763634912,63.069185940300926,0,0
41.41070546283706,65.02246169380223,1,0
53.23575604720228,56.43858172769683,0,0
59.65567810403895,69.46057558755172,0,0
34.86180592557747,22.676312015004125,0,0
40.013748895208174,66.4058108588774,0,0
32.62832596446819,46.95198934125389,0,0
57.194794365966175,32.68276765957265,0,0
68.66635837859472,65.83394192970194,0,0
0.0,50.728174812161704,0,0
42.57963889257113,64.07266127928301,1,0
80.72997576918127,46.38466073583156,2,0
61.83780855946383,55.51180676035684,0,0
55.43030268849256,47.73812004306489,0,0
26.9390756167996,50.464235228105856,0,0
64.19266117252843,41.55067699088852,0,0
47.19343092999399,32.33184331429337,0,0
12.429610296657094,83.57299377789099,2,1
88.85621442534773,53.51671953096809,1,0
24.765622888862435,41.84085545387588,1,0
74.42029140977662,58.23311982843798,0,0
43.06486398717083,48.02994617939128,1,0
70.71320895202703,42.94209220085017,1,0
37.62806946947407,76.25272647564876,0,0
30.597261952300876,40.883012957721064,0,0
61.792698115658965,52.674137035288254,0,0
18.305957688366906,76.10651511524341,2,0
34.394774828462346,64.0059666616917,0,0
34.429650306056566,54.74286275942122,0,0
35.979547208364934,39.76095658482455,1,0
59.33957923067939,19.484931573731426,0,0
11.798135887769089,85.11512220151762,2,1
46.12134502116012,44.19529026779347,0,0
34.13405840556064,75.85619746394077,0,0
44.97530418363861,38.45731357048528,3,0
24.79158384990877,34.798706853210604,0,0
24.68388762818285,46.42052220714559,0,0
34.63902455452754,51.98872779026301,0,0
21.312048112453336,54.19077916531805,1,0
49.857608391640476,67.37546235776422,0,0
58.02214677050371,36.86696174777618,0,0
5.1105967377141415,87.36761257319128,5,1
2.1862919214442798,131.68246389937443,1,1
39.03787700977446,41.107420380219274,0,0
63.88132233999839,36.26059982116922,1,0
68.40277517006402,30.137716583704808,0,0
25.545379031574655,67.48146970814281,1,0
55.27689589020917,45.37468591114902,1,0
32.489731299621745,45.32645391791242,0,0
68.60978356747192,53.64998167531483,1,0
69.59214902519102,33.34087649781796,0,0
2.46641495839539,72.80745704095192,0,0
30.345289607137396,54.94437938383712,0,0
54.79587878927843,54.52172226247156,1,0
7.158432157544425,48.58718038541946,0,0
73.74113071152138,29.42441380600405,0,0
54.34784362358479,65.89449792702615,1,0
19.15984447195876,84.04335561323407,0,0
65.00291589586482,37.25454539254114,0,0
65.14328582270215,36.09375985790729,0,0
2.901708580801449,118.24123738052572,5,1
54.822488436934336,39.035805588883505,0,0
7.573416162640623,73.64633351080859,3,1
26.833339328463776,34.770720996799746,1,0
49.85310065764551,85.36431538856243,0,0
31.884516920662143,78.07984596145462,0,0
66.49025604182785,62.10748885889509,1,0
45.63449774136476,58.97074297111108,0,0
5.345126539528891,63.231780264181836,0,0
18.51032234682879,41.97007376060643,0,0
44.696460235696655,32.89316841675955,0,0
35.236889822317686,51.99930461853923,0,0
35.967576536552286,29.83982425193549,1,0
31.46726179037728,39.04083949943534,1,0
30.029338549288873,61.80933741621545,0,0
51.709332321444585,56.34158293110313,0,0
58.51939370595997,71.25549059698388,1,0
49.745613473304786,45.7953674701413,0,0
56.95624282057549,76.69282746377279,0,0
46.13594255115695,40.24411831751286,1,0
17.178638652249848,63.80749346276716,1,0
71.949546930788,52.618975217798514,0,0
70.7736367070121,66.7045753720596,0,0
56.21880209385745,39.19292120504428,0,0
22.81877337403376,63.443418202887294,0,0
18.47148401580853,57.298031536825974,0,0
31.764903091533483,37.34800215751978,1,0
83.7257023589475,84.13298069589703,0,0
12.394602278431812,84.2100573172723,2,1
45.37587739080732,63.017541845621004,0,0
47.265863288627514,59.569646337199856,0,0
38.010540737314614,31.938494611386083,2,0
43.92606876831535,65.02942253798403,0,0
46.72164346716465,32.466047848452284,0,0
34.62832380849463,44.06307066775433,1,0
23.199165908562147,55.43619016803395,0,0
46.95680946102543,51.13872202954164,0,0
31.17483591215413,59.75566032310506,0,0
64.46133939579883,15.401336180878857,0,0
53.849457101898835,28.985818027673297,0,0
16.350227201625383,105.95462889972836,2,1
32.095841934036415,47.84117940518872,0,0
57.26458725554638,55.807630755481036,1,0
57.991633733947026,56.89571752363429,0,0
36.782979123636835,35.74045901751934,0,0
51.430845752970214,31.0523616869982,1,0
29.555670255764834,62.17734363511978,0,0
47.96092752802559,40.0128839450975,0,0
12.459913478813522,105.81905391788037,3,1
36.19615980011612,49.09402488118109,0,0
60.53773027565394,33.89462091890479,0,0
66.26527325568004,43.382362960883526,0,0
19.952195060863048,66.1805937225154,0,0
42.23034197125762,53.757482031743216,0,0
57.19873529033121,46.00547159602706,0,0
18.13025457343895,155.4763143931706,0,1
37.85420913039273,71.74242189486188,0,0
54.82863789638764,50.7988115772232,0,0
35.299488897043915,82.90280230839548,1,0
21.06263363683751,56.03587787746206,0,0
38.97304468482328,46.736001231233864,1,0
41.19900480464314,56.743830907399804,0,0
73.0269066969338,85.14456270336031,0,0
87.3826746035903,71.79621499977993,0,0
13.085838042065053,141.44273024767398,1,1
46.709662007435206,28.62459293397039,0,0
25.00318019738507,46.91155422375692,1,0
19.864846797249534,84.2592329779103,0,0
65.91128136480171,53.51921755100866,0,0
18.50771913755417,40.304839589289536,2,0
56.88962721389225,81.59815041933462,1,0
87.95273313240592,66.08133101018369,0,0
26.605082707178497,46.216664739061045,0,0
10.505172356545422,41.85267689619561,0,0
53.642718291554424,65.77744620907993,0,0
68.14080650900044,36.34850875636607,1,0
27.175608181640406,43.09918394509024,1,0
62.2685589342681,52.691474096365866,0,0
67.45604913445732,43.285523380850144,0,0
51.88001789791144,37.02083762230376,0,0
37.83985618451307,56.09932406226878,0,0
59.53411957702353,52.90026619806874,1,0
35.60599363130797,54.09221228682759,0,0
44.18707409412548,20.473244417659615,1,0
38.44655216326111,67.1313587157159,0,0
50.05812689263736,21.788567633362057,0,0
48.17215550250015,54.9377393567061,2,0
44.53518192109323,84.54003520418107,0,0
7.37553829444175,127.81770113150486,1,1
55.709596111353385,45.92926565006087,0,0
7.418291672117682,77.33881818357463,1,1
30.400360589127267,48.59899535064856,0,0
65.44695945975914,67.59671226556182,0,0
61.73317265495201,59.397926693284774,2,0
32.54066714304707,50.692504750928094,2,0
31.41472811987267,65.70445665312798,0,0
32.4287383129045,30.763571332956577,0,0
11.774096297906098,41.339886094933064,1,0
62.00398144378735,42.654022193785764,0,0
51.49687962005805,66.93492682513755,0,0
28.847913997886266,54.15345910250401,0,0
57.73676155784394,87.22323574377401,1,0
12.517748140687702,128.3526961854614,3,1
44.09776548103968,39.6666942893369,0,0
53.139846313268265,64.59528302118731,0,0
52.75591219192621,39.74747186456755,0,0
44.7393922864687,43.830181478594504,0,0
45.52974057635975,48.812306242595106,0,0
51.58644440080482,54.96371120474704,1,0
48.72349839152109,53.324612192261654,0,0
37.06743913261512,53.277014872532256,0,0
35.073916711194045,35.38200923571913,1,0
73.74647749252824,49.95198716211445,0,0
38.230958016419464,54.67861156326068,0,0
21.940231597659427,62.96250470605476,1,0
66.21871953997152,43.00408458710459,0,0
44.2345775622289,8.734710643473377,0,0
43.65639201561167,66.82135093633403,0,0
43.983391024978566,58.52016727702825,1,0
67.59979060787947,30.010613131522394,0,0
27.482202075982624,27.85670831703557,0,0
64.7636517128989,59.926486555584376,1,0
50.977719609058475,45.46358714515363,2,0
61.54557362649075,28.68994575783502,1,0
36.82455458926472,34.035736257772676,0,0
93.29247836576906,47.88695271119035,1,0
42.99371128150823,38.62645172803147,0,0
43.88545668437342,42.50103452729088,0,0
28.61975166319374,51.15508419976916,0,0
42.69414856568037,65.68984067499284,0,0
29.528137728342273,58.64228999764069,0,0
83.9595923962784,53.37567960918792,0,0
12.633484303564835,71.21008208410782,0,0
3.2207000498725264,35.908675633345915,0,0
34.9457886107973,49.11185155318012,0,0
51.602385420973064,40.95285619245773,1,0
69.41316871916777,48.01101840941164,0,0
47.44359031663476,49.3213271250833,0,0
9.121982304448634,109.39015000409678,4,1
45.12463046845685,44.3886094182474,0,0
58.90276916749973,60.07814815622535,1,0
23.94524857025342,48.35955871710923,0,0
62.73313971531745,6.481526546831169,1,0
11.467185560828725,60.46047944071309,0,0
40.59113009761599,58.1738733841792,1,0
43.22469460158555,30.867636976135593,1,0
19.310120592761137,72.79803685502131,0,0
45.61482087253956,46.269416323359984,0,0
37.115861072413516,65.17790166756403,0,0
49.36760090113379,50.63298727097071,0,0
50.1897595865463,42.70938668146382,1,0
51.692914166028444,55.81331724588464,0,0
35.86467393796381,42.16029630700943,0,0
47.73278348221417,47.6942838535162,1,0
66.80781300600361,26.422943589071387,0,0
59.34492526850361,45.43780331744548,0,0
50.454239332615124,31.4907401261157,0,0
27.60482312587161,49.9045695969101,1,0
0.0,57.54539217280888,0,0
9.224412485943681,50.7957388829071,0,0
56.5105485493857,63.92116594836611,0,0
30.552201945571387,79.66990509832806,0,0
21.964958472974573,48.341318959762994,0,0
33.21866045569455,51.14409907547554,0,0
42.54719060603391,40.16994496110149,0,0
46.51639972419663,21.63240745543661,0,0
31.798994025178317,52.02945821652577,0,0
61.46868787667765,60.2332061298172,0,0
41.0692865998267,50.263471805432296,0,0
40.455571320140706,37.723361299581576,0,0
28.357447508555214,35.478129295123125,0,0
80.08319663159725,31.038315382570477,0,0
42.03038639932408,48.393189042779866,0,0
54.77401035420025,34.97255103144889,0,0
48.11578122511377,67.3680239648616,0,0
8.192971919390292,81.39984969826052,3,1
9.682882845401299,68.13657287384756,3,1
54.46210145439498,69.14000349375556,0,0
39.32986146897335,44.323235791346335,0,0
48.40725235776251,62.50356114047662,0,0
38.7840505353593,46.138970800824026,0,0
79.45238316805147,46.318633703829065,0,0
42.97704242047289,46.97361040428462,1,0
0.308556897665925,57.066410997826544,3,1
42.67157219109787,47.90189714312652,1,0
47.39854285301962,48.12363080626322,0,0
47.357096322280235,60.066282958732,1,0
22.09454564245881,46.697465097713724,0,0
23.68768108336421,41.86241603433231,1,0
78.45184583041603,60.35633244785129,1,0
40.93331084181863,36.435084532925146,1,0
42.805010857127215,48.00954047027972,0,0
82.6003621949721,59.91010245715555,1,0
59.43858598008526,62.37077829609404,0,0
11.826479864653361,96.68244415372799,1,1
49.24426206573126,55.99885645453411,1,0
80.91414527167481,51.726391928581656,0,0
33.59955399072446,73.87783399412422,1,0
60.02324966776724,37.52540552137655,0,0
57.263525314533325,61.77471446305413,0,0
46.08528387936187,51.92856188869914,0,0
35.17165281290768,17.706077335825782,0,0
52.253499005299815,73.97058841268318,1,0
44.95175295312239,37.86350450261058,1,0
1.8796281928339944,75.75430564110005,5,1
15.501216900287162,52.3036986456012,0,0
102.2959064922816,35.69656884362885,1,0
55.70009915798343,62.02915504923699,0,0
53.71049810951972,44.1983375139789,0,0
81.99403914588291,50.977133166683515,1,0
33.75291705656913,58.34263489007061,0,0
32.49786574424787,51.613765561518235,0,0
39.12090764335363,50.2029456697235,0,0
9.31555332005138,100.90707012664123,2,1
43.33305614487509,17.6826284409601,1,0
94.64046824206497,55.812907601594475,0,0
35.41576750012682,58.48944446585503,1,0
0.0,80.85040349146081,0,0
14.719553403941873,62.50806791098468,0,0
3.5861475393581923,139.06380029184467,3,1
56.65988999620521,19.294020023403892,0,0
51.52895062731061,15.012826715054551,0,0
26.476862616644986,50.726232912550884,0,0
23.516772525886527,59.36848723567724,0,0
18.979695349290218,56.411030811849,0,0
39.344097787025916,54.96736881106992,1,0
51.28365242046331,70.80322589364165,0,0
68.12520051297057,55.864494871228366,0,0
61.971962499574545,35.923125922187175,0,0
48.26313168702106,41.57100050614797,0,0
93.3196667752373,56.90881842723644,0,0
45.94832905548383,53.169793277787,0,0
4.342100508980678,49.3868078453558,0,0
21.036272682969635,43.01452995918132,1,0
10.335000743562013,111.9265422557421,5,1
20.97579853345505,75.26433134547314,0,0
68.72542214831034,36.173672433352706,1,0
49.19903480818409,41.21186993990549,0,0
69.26098556432376,50.811844011285004,1,0
50.005868862618655,55.51733601001045,1,0
1.3851221324796725,53.616234664330435,0,0
13.712956805167085,118.50506294739114,4,1
43.993299452809836,55.64497559581924,0,0
44.910802611478715,66.8361786029758,0,0
11.6252008090081,134.01094567357575,2,1
42.53982157614603,81.06404397462785,0,0
55.245894421015876,71.43282027109689,0,0
49.29015089053088,45.075009965545135,0,0
44.24118400150949,42.22677764018698,0,0
19.27014094284012,34.89778235181488,0,0
8.836546318318362,96.96379704707824,3,1
42.896998753005384,55.34578741402117,0,0
57.58100140168205,67.85964560366361,0,0
59.419648931149304,49.92413755510015,0,0
41.64248782811468,38.70196728754106,0,0
39.50464648942928,67.01735763097119,1,0
66.88472338204873,32.63092429736227,0,0
58.16739767450821,56.9541534241298,0,0
33.32217562845241,53.38747393375905,0,0
16.8775707059309,51.86540029485114,0,0
9.113554031564496,84.36039296439662,1,1
59.77213272552313,68.23621069330876,0,0
61.98282609997881,55.28859305416206,1,0
17.712037150661075,87.79099204208224,2,1
59.59780625606247,60.639832787956834,0,0
27.576456425399762,29.089869121009528,0,0
64.23642537414304,34.39152189043182,0,0
42.78573894665381,38.557194988741024,2,0
21.064032060344775,51.28151089102289,0,0
48.39550207639409,37.580990465377916,1,0
54.46381477353128,38.36350602170959,0,0
55.9747606088792,46.961368039390784,0,0
45.963064862516035,64.71497511283417,0,0
8.593454350213023,64.40458458854779,1,0
71.46966314068254,59.711679677443115,1,0
56.19381418708575,58.83879203399768,0,0
46.113166885612614,50.0616779845313,0,0
68.15054855382351,54.18813704718529,1,0
0.6691111885308549,106.506244583152,2,1
38.47801301052666,51.935791409013206,0,0
63.17578755831758,53.699786562992145,0,0
84.1816833213181,45.690532599771515,1,0
36.76489235505937,20.6057498740626,1,0
13.031074088044164,60.8259514353192,1,0
58.18873878046305,51.710388638909606,0,0
69.87168712706057,26.121488746916196,0,0
13.237480254166496,60.937599750069786,0,0
42.452779851628854,55.56299532385213,1,0
65.23031789888037,27.316674211977322,0,0
71.62411418445382,76.4141068744622,0,0
16.656931540812877,49.20392363761947,0,0
40.47266518576793,84.59537027281851,0,0
35.96346755613675,67.3343946259043,0,0
26.706227868403072,74.17792202482401,0,0
48.7237404126443,50.81243684480347,0,0
50.994598047212385,53.18127521096201,0,0
77.34311690589408,59.94736038707714,0,0
1.3154637118918728,54.843031954183566,0,0
54.58576699743983,60.1688785248334,0,0
30.66016166665102,48.93906094102478,0,0
23.848449150773924,24.264199160975423,0,0
15.643704213359523,109.31883290461501,3,1
50.1143152085136,56.96516035869802,1,0
6.716289986039165,101.65051363597671,1,1
40.24102776028348,80.004501485587,0,0
44.827505576384354,44.7468623854087,0,0
52.551891333027264,55.952243650237136,0,0
65.51448934446793,60.51040576697244,1,0
41.43337484406827,57.2858582058,0,0
46.79884623586646,38.19189105511775,0,0
45.645638611854736,56.64021159243653,1,0
76.15966763045438,35.27004922274847,0,0
53.73967377427286,43.47939221046455,1,0
51.9589650338329,47.55282095196172,0,0
44.27456618317957,47.33911245130667,0,0
45.460368539674434,26.98126749919863,0,0
9.98374133907992,49.439836133990596,0,0
37.34503869938575,51.97521695981192,0,0
54.569360963642694,53.502019544860545,0,0
45.17446685956516,46.19559950636855,0,0
42.02212510326328,79.62343989378368,0,0
70.6686759768784,52.754264571052005,0,0
52.13012748220932,43.589861627805995,1,0
23.783556352593184,54.71329935972612,1,0
16.59342314461234,40.45860613924085,0,0
62.08006368439512,64.46516219557643,0,0
28.810370807528255,57.68350131572754,0,0
49.93231048888542,74.23896389803714,0,0
59.36324064055678,64.9830371314225,0,0
12.735580870103885,122.03376684610055,2,1
73.43836000389302,17.518270891652065,0,0
9.051870085979491,113.68507929399696,2,1
50.50110095660621,60.569165775899634,0,0
37.43392607573138,41.31773599136622,0,0
39.956910319310694,73.01625523949662,0,0
59.44040391868877,46.41074403269054,0,0
61.65886457015284,66.89808807025398,0,0
17.029225622866036,57.29727152611127,1,0
31.087470170451766,48.700936156468245,0,0
11.86666010783912,89.33893956362671,2,1
55.556481786597246,54.8901963853926,0,0
22.983431805455496,47.43911214335912,0,0
35.035502670555665,38.02610738785246,0,0
54.73068585599771,28.743512797214446,0,0
58.02365000541508,51.43274134907753,0,0
52.09870487180105,64.87431893523234,0,0
42.13313365550918,54.38304209495449,1,0
27.00718108842872,60.84266973650476,0,0
38.2734640593429,48.159040257731135,1,0
63.22654216888772,38.12065846413786,0,0
61.49549406646834,61.34679522251207,2,0
29.51674722258959,46.49449368352907,1,0
73.67466982896418,50.765573030943564,0,0
31.209410999788684,61.06417756143648,0,0
47.70683069276535,61.3248522438988,0,0
26.10112662260393,51.54839180300417,1,0
0.0,90.75859494737007,2,1
60.29311422356329,58.080593620342626,1,0
48.36922664903175,58.388799709128435,0,0
37.381105657229995,70.28578272762812,0,0
84.16690547922067,58.85657056132718,0,0
54.36531977392525,77.48738042742951,1,0
81.70403339556455,29.80966305016035,0,0
47.70368540702453,36.39826543456699,0,0
48.236220527406815,42.800830385131526,0,0
60.05973046823898,34.02080478064046,1,0
1.8457319490074537,91.7575907599688,2,1
49.837484719909696,73.89524855649083,0,0
51.871700178260866,61.16729949968744,0,0
60.746529940310154,55.39842496842081,0,0
31.12359048672384,34.549462638541726,0,0
45.59980019458186,57.12864777809679,0,0
35.999867933776514,52.13602410288912,2,0
56.68330186172908,62.88480191827924,0,0
45.40627400709496,43.401224474827735,0,0
35.129473081012385,58.658079868596985,0,0
71.00205838082582,65.2368130262627,1,0
66.2917844551739,63.80348643490615,0,0
66.35725282991548,52.351809729808735,0,0
68.57927783476136,70.49796524029092,0,0
55.59820391968312,36.9678646703499,0,0
57.12601595584133,54.19129622269696,0,0
41.92010706670108,58.67479081891216,2,0
69.24628037024377,49.992304352204044,1,0
48.205819628250325,61.43846343057243,0,0
34.958720773887876,65.54258219512799,0,0
52.90496329516954,23.173784039220077,0,0
38.62836041211261,73.23932883811457,1,0
61.767330647532674,42.24821365585544,0,0
58.97955409665509,67.69340764442893,0,0
60.773511018378855,40.06145574834389,0,0
19.680437889673243,57.48379875362013,0,0
13.79267203247446,57.91296561712063,0,0
48.78506458510034,47.75289277522255,1,0
48.85035276317587,43.35088614016326,0,0
69.063589695439,93.53347827381609,1,0
34.25719415403698,42.53823488417045,1,0
27.94350346859999,72.67927700431102,0,0
31.90932615392537,93.22621120766385,0,0
25.95764535113411,45.02495920367964,1,0
36.37733315995597,26.406222227988646,0,0
24.13402024195593,50.26066219258218,0,0
46.76645530436373,43.24725656939055,0,0
45.74605492162298,60.402794080324895,1,0
32.866214937267884,43.396369244307415,0,0
27.453482557257246,47.28622259443945,0,0
24.980546409496622,49.47254643746403,1,0
2.3330208322650776,32.23867939375302,0,0
32.549966590404836,47.24290695230165,0,0
36.6803779525985,49.03743050162977,0,0
8.677728688375225,39.734176132987635,0,0
70.22646796255157,55.36148817006846,0,0
61.54751499426242,67.3317463528944,0,0
41.91094553051546,46.57069611785423,0,0
8.125021862739487,49.853690611653576,1,0
65.2910031903084,46.270580130968256,0,0
36.8044802262654,77.03543108267802,0,0
16.74011676072699,40.75643692380276,1,0
22.51993584261016,40.151280820663814,0,0
35.51652605480658,42.09991570330277,0,0
27.87424736638972,69.29032638438099,1,0
33.27148105289557,70.57993913409075,0,0
9.339142190040725,37.6558938558468,0,0
70.69580067829253,62.28056284370452,0,0
62.36025908386036,44.32362054485761,1,0
31.209557638484444,29.67932591544166,0,0
60.50233743477325,29.658321648755344,0,0
36.55869662443259,47.950675471915694,2,0
45.52317646589872,62.9489899080027,0,0
23.437905834190687,50.65104575669722,0,0
54.47563520778643,52.34540462517707,0,0
59.560028057631435,23.634463652623367,0,0
49.009608857755424,45.107657385241936,0,0
35.49371823101243,46.501065303750806,0,0
9.118892775238272,44.554805610683744,0,0
60.514970271101916,35.36287251656369,0,0
41.3585255272252,79.23184844237474,0,0
30.991646467882703,59.19551968451025,0,0
33.8428503468242,63.18355504021457,0,0
49.99899366198186,52.02898296004908,0,0
23.015298642672544,70.61450607758825,0,0
52.65188975863882,36.43629650970836,0,0
40.442948982372776,63.4639036395902,0,0
32.168595729390276,32.82797110162732,0,0
30.694858272828363,51.45161757250108,0,0
51.30148528187673,50.753600485683,0,0
0.36790906827577885,52.1324325794861,0,0
33.44769493845561,50.83067128612636,0,0
56.61545193201212,17.967003543651536,1,0
43.09963928673145,44.566293233970086,0,0
66.82473662493067,49.517617759828205,1,0
47.44649308585439,43.1058516639277,0,0
33.10795002891177,27.154443454197082,0,0
40.67148467520968,45.30633779264666,0,0
47.60115360971447,59.891416792291366,0,0
30.420899107550913,73.09250548412565,1,0
55.94774998892028,48.38907555568661,1,0
77.73317318815364,47.01092438297297,0,0
23.99254404985341,38.86287325272858,0,0
56.243791057769805,73.75091639312258,1,0
31.02938677635981,39.57378140136733,0,0
32.64352180853275,45.40241543245327,1,0
38.236841903486045,57.13987629932538,0,0
34.26128521806007,64.65396428809402,0,0
56.553991968325256,42.61806391300535,0,0
45.87323626869035,47.325289410528306,0,0
41.54324247613012,46.76924004901622,1,0
51.394077711568414,29.910406291291437,0,0
52.469292496953344,56.759072053155776,0,0
44.63158576427757,41.07417655128526,2,0
63.026361268071604,43.567979673885056,0,0
46.75625626554077,55.11252781433065,0,0
83.02867936933274,51.435281876372414,0,0
28.551226192297403,76.60516595530042,0,0
18.008270418113348,76.56227189673083,0,0
48.443823226331325,71.86606046314317,0,0
61.41157605738569,80.20722660075698,0,0
38.89558385548916,74.1536096942878,0,0
30.212102878854925,25.376469537460288,0,0
45.09396657158281,58.299207412459495,0,0
40.4662317943908,54.79751528591881,0,0
41.60316517723586,54.13220057262824,0,0
30.98079397745301,42.80336188025188,1,0
35.68564480797227,23.7846636216537,1,0
62.23166283497618,41.76088041489028,0,0
67.9087935160253,39.88931791252766,0,0
42.042829312449754,60.43720355382381,0,0
4.065033459630492,89.22075083041402,1,1
26.910312216527945,68.62883327059888,0,0
22.312503693712685,76.72238975966121,0,0
61.15108376872385,37.67828001433121,0,0
48.077976701240836,34.14873241514628,0,0
41.502074574948594,57.35170882870729,0,0
60.97881342294567,59.09911101912203,0,0
52.38975863206932,51.664570809410264,0,0
1.0932507043449533,32.60740268064333,0,0
32.03478162779723,55.06910336532661,0,0
44.234155369872965,46.7754916106928,0,0
76.90430810600361,60.48018835321342,0,0
74.65152641115831,46.61567836174504,0,0
5.364582581931842,62.44960839830328,1,0
22.12103606244889,62.51623682921699,0,0
47.60555374026108,41.252025923274935,0,0
56.343496653420644,61.12400326918758,0,0
33.14856289269059,57.88020220555099,0,0
54.31552800977194,47.49742584591283,1,0
33.04759700652191,67.94688290867447,1,0
34.3375138958705,30.870278567904997,0,0
24.926495829344717,43.52403573551755,0,0
20.376722114611727,67.48336849777662,1,0
35.904357477273976,52.726458709816654,0,0
8.247123118009174,123.83792558605222,1,1
53.65603071119108,45.938196476950125,0,0
8.726216817321395,125.39703633845626,3,1
39.876839434046765,70.73828338780231,0,0
52.60728715797467,52.760978303470885,0,0
36.47253804785042,50.52120642048574,0,0
30.569223343302035,66.52542065104788,0,0
54.5576467385424,66.7393994634678,0,0
34.78092602397086,53.472381734650114,0,0
25.778444989872618,87.0441445162026,0,0
52.77122503449855,29.324116872695583,0,0
20.556937824059748,74.86029527366622,0,0
51.99723183354327,57.294876646923456,0,0
52.310117042415726,61.433341739760095,0,0
0.0,90.4006133031054,1,1
23.063840338625923,35.0934066245261,0,0
68.48926747443713,48.4623615734124,0,0
56.195483811887854,55.0219188855878,1,0
53.745102602619895,54.88617354511137,3,0
48.892793778982224,47.62648086809293,1,0
57.85691797089008,40.53396227600959,1,0
57.85653012097109,52.0348653816535,2,0
30.513004609649585,22.83116670194746,1,0
41.57857807106477,82.22089096544372,1,0
37.10956030182256,47.692212105512716,0,0
55.32131237388851,38.126712526456615,0,0
48.03952701909034,39.2269296410289,0,0
7.476688805546796,83.980963401626,4,1
50.01705435862921,65.60630477441397,0,0
45.6616163744221,57.75239826515866,0,0
59.68798927732235,48.18226846287912,0,0
59.86447187790206,47.843069388194635,0,0
67.00659914856398,44.0146234180627,0,0
17.24369446215627,122.95110926324176,7,1
9.562407219968867,96.20563505180955,1,1
61.64988115962386,50.08590524810577,2,0
82.72220840862761,58.97632751663251,0,0
46.540941040793044,63.605297319229464,0,0
85.83540684883468,65.74465914763373,2,0
57.871898208652894,52.279898720348335,0,0
26.551395682781926,52.099332125690964,1,0
27.85907244552498,66.78966650457556,0,0
6.830143771187671,96.80771885015137,2,1
4.991904928868393,116.2263962950567,5,1
51.12438953801635,66.29834533398956,0,0
76.65228183875807,42.00544360717526,0,0
50.82736573491366,39.75157756089705,0,0
26.88137432235577,33.27613503706329,1,0
52.89102108194017,63.39133667128905,2,0
37.761265916956916,9.793574670208983,0,0
38.694888067679585,10.092857493507118,0,0
41.64885746797057,55.64066477025775,0,0
38.390493613225246,27.438438289693586,0,0
21.683328304907988,34.246391222532445,0,0
46.72092118866328,52.70736244883405,0,0
76.33496734262759,27.259026029557624,0,0
59.41097965241703,29.850260953853418,1,0
23.59475587459747,73.7525480800063,0,0
0.0,55.914873322015154,2,0
50.94162443355958,63.99145446204268,0,0
55.4050954487376,41.07519082871217,0,0
55.36418339824942,75.80429363996845,0,0
47.03011788936325,3.8215697197672682,0,0
26.35917422489834,25.83052334740543,0,0
9.26232964591382,120.47842127807698,2,1
42.741648462488364,36.23485664357596,0,0
35.65164015545666,67.67367923868942,1,0
53.89154139039432,79.44047624340897,0,0
35.91580066292642,52.12737839691912,0,0
24.610293041273817,58.39202224974378,0,0
36.23362008931347,13.848854144946955,0,0
49.36219375860352,57.654927523727245,1,0
68.56264471658125,40.03853452547962,0,0
12.522938636066279,33.758007513515054,0,0
52.63256998107774,43.549123138430474,1,0
60.136330134397014,47.42743689086619,0,0
52.3264387890422,69.29988663755896,0,0
56.43271162648211,26.213664747721452,0,0
70.44360856934298,34.44338300148351,0,0
61.96023829249096,68.0716489355402,0,0
37.85456962073077,31.25978844615791,0,0
62.217885715777484,21.884907199302454,2,0
47.921656554858494,85.31779046867837,1,0
59.1148990858714,33.126974305407415,0,0
22.512343904300238,47.50398649102778,0,0
0.0,89.50911457812288,5,1
55.86056581751872,70.74617874806678,1,0
42.715587450282904,51.192530351449754,0,0
54.58618170403272,54.746159410208065,0,0
69.16755212730119,61.113334406379465,1,0
40.08585189297171,62.62719674508295,0,0
60.92789708183089,64.02173344677105,0,0
26.491484437102763,70.52240920985898,1,0
58.66678120965121,39.77401669580274,0,0
15.615711350974667,35.65262151909122,0,0
48.54484385197798,42.93628971172792,0,0
47.96959722437151,38.60984649114032,0,0
75.97701977119017,61.9492551867774,1,0
36.25773610284586,19.07360399497054,0,0
9.07719755963371,69.54676339413223,2,0
54.44872324048475,57.097089591071985,1,0
26.776053795968235,24.973997376384027,0,0
46.090360890801584,50.51841251109125,0,0
33.11925066503792,55.00941283357244,1,0
41.28772569471726,63.347853420075104,0,0
6.35833408692131,49.208374827400235,0,0
13.85910547480632,49.98452394215498,0,0
51.87473189902366,48.140749913074984,0,0
42.38865569771504,67.03687180739905,0,0
24.393734152411128,78.30571535115426,0,0
35.05804336725818,54.48405969726022,0,0
53.83407725297584,41.166784899480405,0,0
40.00058933599355,55.73574692374112,0,0
52.82365211769217,78.21118334198665,0,0
14.420667239414552,139.65237506150916,1,1
54.875044428975805,39.42322533064032,0,0
40.69823935160612,74.029870986454,0,0
51.8738167985455,53.50929896305004,0,0
50.2510837535117,51.54884492145433,0,0
37.72979927357915,27.80775918484668,1,0
38.607424100722426,51.746437662681274,0,0
42.273401885417016,63.11465912814406,0,0
57.29254787308865,42.52028835882439,2,0
76.09911573178444,46.54069310101963,1,0
30.798738653112537,50.61920892819392,0,0
62.402945784863185,51.09508482492856,0,0
40.24335333559824,53.06653663472172,0,0
43.13215920581766,76.24589947242825,1,0
50.1198568759754,42.91024350342952,2,0
11.515831003607783,81.66021331378224,3,1
38.54376749924747,37.812036901515185,0,0
78.68011294751233,45.17909190099604,1,0
46.517714390194605,33.7062414631736,0,0
53.92291968977018,46.6696646740468,0,0
9.024771935389534,82.9245081440746,4,1
77.20004364547196,65.15210474623862,0,0
41.82491788535269,34.226335083602194,1,0
31.03719085181153,44.42804924664646,0,0
25.66271041428489,58.05192780498486,0,0
23.820306159184472,40.97279700296931,1,0
37.30519548002713,64.24047595386637,1,0
25.16874141736218,47.3736602676274,0,0
43.84834311536168,25.460245326210398,0,0
32.10060134955293,55.572352525425416,1,0
38.935844921568695,61.76004522020291,1,0
43.204904204363025,36.94461530067064,0,0
39.24591256816956,42.2788028073185,1,0
26.067897906664513,40.7480221334889,0,0
51.39302963073157,54.63412822156352,0,0
67.15233338038178,37.81388842971161,0,0
66.72176270730569,47.36559414900767,1,0
60.431544030268874,34.06711610191694,3,0
40.09901013532723,46.79415185760068,0,0
33.62884110595615,49.209766582524345,0,0
11.779508427636902,104.78179499370555,4,1
50.88801276786654,23.858933585101894,2,0
57.69868791896979,79.1728366954285,0,0
78.24414026181776,55.70666148806713,0,0
44.60109188972304,40.61177250661008,0,0
31.3767658296118,55.267266216049265,0,0
35.48548999573384,61.90906988292561,0,0
47.52811625670594,57.06974949321142,0,0
34.71067690279516,60.66403337719177,0,0
58.44220644440007,65.54956477233698,2,0
57.616037341040084,37.81771214069924,0,0
68.205930093768,45.16796733795692,0,0
68.3432192744726,51.18191985465196,0,0
4.340270098454672,89.0592798671242,4,1
30.871206133219832,54.67496181289302,1,0
46.96497570205231,18.33748287216084,0,0
24.844041599723457,92.64354825067036,1,0
8.91321318589569,116.32673913293719,2,1
31.073186201086322,41.67642855144514,0,0
37.54657631755822,60.10300769371548,0,0
75.12060176617638,39.505613204321136,0,0
67.15333723293362,34.685807438000694,0,0
45.53621422441556,36.66642246080299,0,0
29.194896919306597,42.86599319821886,0,0
51.22107205321556,56.77372082438138,0,0
6.5058482480101105,57.531726469611236,1,0
57.20477671858517,46.82929300027923,1,0
55.51740471242542,25.89954565051737,0,0
10.30171330839323,78.24228819348001,7,1
69.42552719974579,70.91885653212617,1,0
34.629089728289905,46.697772673225955,0,0
28.863790008802795,49.01606701961246,0,0
48.52702013845109,81.42452912519406,0,0
21.630786063777553,63.10153594585242,0,0
29.80507366750711,35.918487045608885,1,0
51.66643730909807,33.32416529511635,1,0
37.22756731327418,31.58498580052694,1,0
70.77343074607447,55.69129286870887,0,0
17.357726561481076,74.04596362717507,0,0
47.06484180824431,58.586834045395776,0,0
63.341240648026925,35.5824402286223,0,0
59.62185739153833,62.83645095108878,1,0
32.831109030724946,38.07736328560253,0,0
78.16698373032006,87.44792374452751,0,0
11.620700218690068,41.60914017795561,1,0
44.55224056331272,33.98378148504876,0,0
4.1952698255174035,139.13192787918794,2,1
67.0956668575266,63.34891766577953,0,0
28.937358728292654,55.47135640877399,0,0
47.76197445905224,54.89001350068977,0,0
59.453681984001975,60.14563023789664,0,0
5.72354933478262,77.73719713571552,1,1
23.618952654127845,56.058029339213405,1,0
14.153292871359813,62.00360429612855,0,0
33.26996826179116,31.62980532458348,0,0
35.09543980071038,46.28443386246251,0,0
31.38201436110667,60.77111487489657,0,0
78.57567759980691,27.225917815586893,1,0
55.03952116160598,55.2467836447337,1,0
39.865425602179926,42.74178999924963,1,0
41.03163714732023,46.248105157736845,0,0
42.11387058731635,50.458793608721294,0,0
55.723506773349975,26.38830376778994,1,0
25.600329009080756,41.51435973310731,0,0
27.793890975609777,69.70155617271423,0,0
44.53982260195847,20.57032966419803,0,0
0.0,74.18826360419611,1,0
30.46575167940209,41.389429597485304,0,0
61.15489182596016,41.25662629511426,0,0
59.18903552447748,51.45054257954071,0,0
16.040287793915468,71.61160138709451,1,0
43.00985182387796,29.842445208571238,0,0
21.189099918561634,42.02846059924779,0,0
31.25728935314851,61.03269999370686,0,0
33.66878290345777,61.60846428649509,0,0
56.789520078844745,77.09901674163235,2,0
61.82870223636811,33.7190677358991,0,0
35.76691784083455,32.309244265912724,0,0
17.767927807525513,62.479074580535155,0,0
12.484682348319623,40.1082229495559,0,0
65.30958423064104,56.671595394764026,1,0
39.82573564504213,60.674145751598594,0,0
41.06958018306641,25.423936439818487,0,0
24.1894156553628,77.55599626437038,0,0
61.39312098096835,55.330434283008536,0,0
55.843977300331666,41.26317422766806,1,0
37.10058838830291,51.608152930008586,1,0
28.11562333082446,53.04760692115407,0,0
48.122781017764666,53.814732908613294,0,0
11.461232697165357,63.157958804837094,0,0
53.645525117887125,41.50230975725421,0,0
39.365589812206686,52.494596398266026,0,0
48.161997796643355,45.4296294533395,0,0
44.208734844256405,55.25365509203461,1,0
60.169583840728066,52.417623645347,1,0
61.3150242353854,19.549303564521303,1,0
63.676528685135224,40.08116885148959,0,0
46.74417806943424,22.96753335280835,1,0
43.52355237961139,76.67375796321697,1,0
32.78179952769175,63.8624298435913,0,0
34.44549364371692,31.13540407332013,0,0
51.28017101757962,62.596421089500396,0,0
45.26753748502809,43.215566706652645,0,0
66.8712964546105,52.63375957317693,0,0
12.21595421920567,88.92437408423848,3,1
19.089765527358924,56.18631443937576,0,0
47.63589860368689,56.246330945915425,0,0
61.6737399573866,23.080473610391945,0,0
54.212766457403134,69.30026724997906,0,0
53.49867137418352,67.35973946050053,1,0
63.16993813311296,52.87635603085825,1,0
48.770218172445176,44.09265934148777,0,0
15.353944978925892,45.59949772134423,1,0
60.15671002437584,74.69673925545669,0,0
50.03816479829237,77.36152220119224,0,0
42.72636157456898,41.72106355041099,1,0
22.94244650417351,23.87040313004052,0,0
30.607932809461403,47.9215612350907,0,0
11.778283916073676,69.2085133057719,1,0
35.31574313649816,40.16977793421145,0,0
34.137412577033196,34.426679592806444,0,0
42.74760479302497,78.4152854934824,0,0
10.771011213510173,63.857529278041596,3,1
62.210323522870056,71.0959844824686,0,0
45.612557149839354,50.54634323872318,0,0
31.38755644689502,49.01235551111417,2,0
24.268172407392473,56.59982512354802,0,0
64.22712569376074,48.609225645287566,0,0
21.891484778910165,48.902863560882835,0,0
23.964874298138742,36.90137191162883,0,0
91.16556952718588,44.56527590053553,0,0
41.42459283358639,60.2451471118587,0,0
82.348367150994,32.06932155273245,0,0
3.7361073569235064,107.71670477578532,2,1
67.44789692411895,47.24926394134614,0,0
49.81470219091808,32.02171509397026,0,0
10.151738903543153,66.19547747979689,0,1
28.921633269024674,56.30974053156313,0,0
4.956559682098721,38.19337123054248,1,0
27.012857075214768,71.16299211001366,0,0
57.351319790372315,63.63276649942454,0,0
43.622097856037875,59.522721337729095,0,0
34.716667422349516,46.300354320923525,0,0
2.037860139462307,121.41195982337732,5,1
62.083241987750625,67.3085320811646,0,0
20.050342243667256,40.93401287718572,1,0
51.15668434793195,49.87205926071428,0,0
17.981579197041285,47.58178115765362,0,0
0.0,46.93815989349789,0,0
33.849082830336705,71.04435437026488,0,0
36.215380658046755,67.90486097549356,1,0
38.99154600559774,65.41664773653821,0,0
43.04890066955004,58.999950979861,0,0
54.36712234405283,50.74331038159991,0,0
31.4951812373816,47.53441865901251,0,0
20.832212055529343,56.70101636621403,0,0
64.25142051699751,26.564811350886735,1,0
67.6516789496948,63.41644093848916,0,0
48.51838925197263,64.50346931020368,0,0
53.08731687903963,36.19774006085138,0,0
62.76671588671428,29.767751123107477,0,0
62.94700109543983,58.22610710363581,0,0
23.098895856210518,27.03421325614449,0,0
40.57350527884475,54.51361539507399,0,0
14.882783285845058,38.47971248115242,1,0
49.77306075789262,28.768426363522302,2,0
55.64715967863342,60.91336949094579,0,0
20.120033564142354,71.1413506443061,0,0
56.70667159902784,44.14674194469906,0,0
61.97557237961678,62.54281225338971,0,0
71.82553885802812,38.56975321034817,0,0
42.101671203326326,63.42201506743022,0,0
53.534214834874504,42.742263038145886,0,0
68.72899517290756,71.49300378632392,1,0
23.671526379441463,16.309211567612714,1,0
42.43443713720225,42.20251903493299,1,0
21.75107014435801,44.58850874436036,1,0
45.78433663400832,26.45391597627768,0,0
40.87064875008357,60.67473624475486,0,0
33.450119200546986,49.356039439021266,0,0
56.07207811975066,61.67715228812955,0,0
31.287857085742388,38.91819278413329,0,0
37.81807213656328,33.52470216947441,1,0
65.10588200719904,41.71467159072001,0,0
0.0,71.33253729967237,3,1
70.76287334132623,45.042408445048146,0,0
49.726141384847395,70.12395148433811,1,0
58.21373905220054,54.09911027742578,0,0
50.291766249411175,59.97274919218728,0,0
8.570756314278682,43.335988864607025,0,0
15.87735706804769,35.94446654260608,0,0
39.878180302149424,52.84068126598125,0,0
79.57990464980443,50.78040400807343,0,0
23.550269748655825,66.33248089536032,1,0
58.12910767574628,68.9572393011394,0,0
22.533180732157216,64.30593657083821,0,0
61.41004948413422,81.35485434378305,1,0
55.05329926200989,50.93137030205717,0,0
22.262374316878162,59.5603169632127,0,0
47.089185974427615,68.31701959967171,0,0
56.78899336450264,62.523514506357394,0,0
49.14183261831906,65.01487646230036,1,0
66.48661544101594,51.073103844122045,0,0
57.90911211966555,49.0215821528577,0,0
78.2555213785559,45.541916923091655,1,0
73.51803256893996,47.06684483289879,0,0
53.98317671817002,50.71117033704109,0,0
1.3858801595839791,79.80898586965112,2,1
41.187421928521694,33.25600053344657,0,0
52.49792791351496,32.737361922637405,0,0
57.096185937834036,69.2352614176433,0,0
35.18124645368426,43.62992346070057,0,0
72.54914777594314,59.03523664507936,0,0
38.135583353022035,47.786640045226406,0,0
50.5208432312516,69.90102604577903,1,0
41.72821255541919,31.187757210871546,0,0
71.46925048000799,47.35447574071011,0,0
20.20532084735647,42.25879708035522,1,0
21.977519014015012,49.8926018513218,0,0
34.3054276982354,63.67852741254882,0,0
38.20635949567937,48.48352851805779,0,0
45.98919971741015,40.97039482006162,0,0
21.996094482458677,49.9598763042902,0,0
49.53158403720333,45.25947571074144,0,0
21.676763604077415,56.968463463820655,0,0
47.43992798696542,11.72178805831647,0,0
66.4334305855682,44.78320774723468,0,0
60.44227197623401,50.85072059700662,0,0
38.73289212778015,61.78181230588249,1,0
34.04807942312772,63.49063839486831,0,0
91.25363823528997,39.90193138380856,0,0
57.42549657152153,43.67007049132977,0,0
56.76686823981282,24.732982208992908,0,0
63.19986220581229,51.69564906305876,0,0
55.269304534994184,87.32444982080244,0,0
55.136680261657695,52.86268144421151,2,0
51.426918910630405,39.631776263026296,0,0
50.86232907140389,52.568056223533134,0,0
40.0250908184499,19.285858765943036,0,0
43.75613141311678,61.29239117247518,0,0
14.003496558166212,120.80089320690452,6,1
60.45554999133006,46.820863530577626,1,0
30.380689744877813,37.52948969747233,0,0
61.8937375499533,43.475687984223526,0,0
43.87004181921258,44.3803397420754,0,0
31.832282740971102,57.671564487581435,0,0
52.68966980692445,53.99475739528547,2,0
29.81531855641573,48.60556956445281,0,0
28.927319658210884,50.01805283223231,0,0
68.27405796406963,40.24585304848643,0,0
23.194185167245852,59.177981993346464,0,0
48.813399816568854,50.208854807870296,0,0
61.04849093186167,26.555698744631336,1,0
30.42375928894355,60.98055333147269,0,0
65.0271750506946,45.554961679407604,1,0
56.425167494275534,43.86261349838139,1,0
107.20135651439999,77.26958868091143,1,0
48.05030861758323,56.264047895448364,1,0
2.3246900542076165,90.15709957053127,6,1
23.755269835054204,41.14910335713978,0,0
31.25014181543395,41.16880372958541,1,0
65.41923527842206,71.40015817913627,0,0
35.50821180251633,87.08063046058805,2,0
37.08843258123412,64.17237269677285,0,0
79.41731807014624,11.93906226861111,0,0
57.765832763693496,38.7858817884822,1,0
55.35049058658088,49.07101004177961,0,0
50.75573867831105,47.686161906005914,0,0
52.520128808142424,47.648012645228725,0,0
14.077441893410754,28.636548812498354,0,0
48.534813688365766,78.839059044171,0,0
33.03947443200183,58.42018126734929,0,0
63.85573118614931,38.549271450941966,0,0
32.79676433111463,41.29870413854471,0,0
35.51556798642901,59.09452905976709,1,0
20.967277910015728,46.193529503123756,0,0
56.86965819228895,51.94311317430901,0,0
71.18648424272983,56.38441398942161,1,0
10.270361879333244,128.90961118010958,3,1
33.41243946466826,75.94467271579224,1,0
63.38074958128234,14.751363511654489,0,0
44.27564971589285,38.36322618379813,0,0
49.23396451613013,62.2240865364884,0,0
54.80091127811866,39.719636670531955,0,0
0.0,90.21037532003795,4,1
38.665688008350884,68.68167963083128,0,0
8.88015231319211,113.5165431400803,4,1
26.848922801844722,51.81385895752234,0,0
11.140214046800544,67.55614725771034,0,0
47.94692687422288,41.424210675367334,0,0
47.938134487899895,56.51109518856279,0,0
53.403077000632805,57.70537992838728,0,0
60.97184150493531,32.535835738874326,0,0
49.13700426982663,37.213455544465916,0,0
12.073185653183552,99.5592941452518,1,1
32.65832686503181,54.06367261285074,1,0
27.19823312659979,68.63707308759851,0,0
27.69265532363481,38.033312416592516,0,0
55.193314102186875,14.685630984475146,0,0
46.22995906983075,49.25596525478397,0,0
29.04693638930454,67.99246101807987,0,0
58.19068847992703,44.70957889818579,0,0
41.286070255712744,57.85192290816325,1,0
31.683187535811726,16.78209595101901,1,0
52.44451986633032,58.56188482001924,0,0
69.75042053993992,72.94310115469963,0,0
33.590858702588044,77.73992274170175,0,0
28.130135397753957,64.9162334796254,0,0
53.07274283323469,88.29849122657222,2,0
48.20687451769802,63.0451026298067,0,0
37.27662731045212,48.551464350482135,0,0
34.13652112764459,42.989330148573686,0,0
47.68772739998302,25.368732997910904,1,0
24.079129071674682,40.427996803365595,0,0
37.60400726379119,33.52080475521102,3,0
32.52493384222957,61.89184085718071,0,0
28.505439358590717,32.41176766242991,0,0
49.507257152644925,34.54793719404123,0,0
78.37567473854793,64.36884417942105,1,0
4.825891977260635,100.50745644618203,6,1
60.584194543731996,62.7472714750456,0,0
46.71887298345816,76.37799861020102,0,0
0.0,36.09873815004392,2,0
38.45628375647108,54.70834068797852,1,0
106.73273453125968,93.77891090650792,2,0
10.6473707446247,105.59946201305684,2,1
66.35761417620631,64.0372871330601,0,0
52.55861111601632,48.194934867532766,0,0
28.749738363608213,52.777596101523045,0,0
53.93805361563521,61.76132852205548,0,0
52.666042369948755,32.39419809668985,0,0
43.877866284054036,29.88313245742502,1,0
39.37551226960576,56.043542321272376,0,0
37.93977989180532,46.48346910740993,0,0
50.392202707674514,30.175120098538255,1,0
54.361582907816896,26.78578443628676,1,0
62.6466931548443,65.52567661442855,0,0
42.12294252944707,49.4619029295014,0,0
12.276335612033517,90.6247862682714,3,1
21.780952532309037,49.68856935352271,0,0
13.784668172081396,50.553463708366195,1,0
37.2274798124553,46.82310879342374,0,0
24.11297952849919,25.29789651911641,0,0
44.838112407467975,55.805607428169715,0,0
52.43014742698229,35.20437552209554,0,0
46.521921232554334,43.94508064713381,0,0
35.69202313342738,56.724507786432355,1,0
29.730117959965096,61.655794019006834,0,0
57.768297973202436,54.76839911214325,1,0
64.49076337301267,51.775302499759945,1,0
45.175522653362684,63.53134477753031,0,0
31.163829706773818,56.465881644774335,0,0
58.5028038107935,35.875458140229014,0,0
22.52932435054403,63.36668810300267,0,0
25.84772450185861,62.34176736437329,0,0
56.59013262707242,52.514343271545094,0,0
16.133578594222207,59.47375791658782,0,0
22.05297437343993,53.69255786313683,0,0
66.72742466302415,0.946763114942101,0,0
15.589441166513247,44.00875790119317,0,0
39.149329438418626,47.58504071219939,0,0
76.57238093367963,47.1850041309882,0,0
55.71955209826524,42.60265468701185,0,0
26.43823704428551,49.54940963440323,0,0
51.35091716957402,61.51624401358529,0,0
52.61536454425626,53.69511634500496,2,0
25.159023787671345,47.34932510374073,0,0
54.46047416165139,21.05483423983473,0,0
4.3559249843675225,117.3648978896214,2,1
73.33232676629447,42.914086401174366,0,0
53.106345699542615,75.96176313794376,0,0
59.67039362798862,36.884938408212875,0,0
28.762448303401943,60.70998916379639,0,0
76.0860731570437,48.02754692400449,0,0
29.143600865668745,32.33620753944611,0,0
32.83731612731266,64.11686423296042,0,0
37.441971776556585,25.780761317157882,0,0
35.549631415702486,52.543143110407335,1,0
24.025605526452964,51.82922395975597,0,0
39.90434763168751,39.04371443942021,1,0
10.828518202206634,133.88484063881918,4,1
33.65861805546122,53.45183773600196,0,0
34.50527188056685,76.26060520362758,1,0
70.38219972352073,54.14587060497809,0,0
9.146460560623836,58.13780989126465,0,0
59.66046275988779,17.97886238959677,0,0
10.482226105030323,115.93929169289274,3,1
53.80950647185949,56.78310888298425,0,0
50.47276543830083,42.43641013398935,0,0
69.99618547130818,39.044507649036824,0,0
24.610391257641545,46.703243610522776,1,0
20.891724753033923,62.95302342869632,0,0
51.490052137475146,32.59102685350235,0,0
24.754155531665017,30.599759822444454,0,0
59.628009023936094,62.082625537791365,0,0
52.87218051111375,43.910055444720236,1,0
51.108130914148276,47.85184050631756,0,0
32.89125889917698,48.14085448360848,0,0
44.4140093516564,54.87542358690912,0,0
40.7752402913275,68.78451059651056,2,0
75.58601424018386,34.053088487935966,0,0
40.01818797934993,56.44500098290124,0,0
33.037466906046106,49.64337753958168,0,0
63.37573144832447,54.62101949304455,0,0
28.004363720949836,83.55048824965289,0,0
77.83847443248675,31.518069223970706,1,0
16.35440007002487,59.11509487560528,0,0
77.235270460409,66.49739996105734,0,0
45.15791731343756,34.98294337745678,0,0
37.624188844190485,46.32301452208789,0,0
76.405908958111,42.24630486795701,0,0
40.30533117936013,71.10960195022241,0,0
26.4011088453029,50.056864573267866,1,0
43.907257614550616,25.94564493937932,1,0
56.35632128760298,84.12194792840474,0,0
43.6052989960398,74.98849607391938,0,0
39.744437886858556,63.993724074778434,0,0
39.381005899591926,46.82342402803935,0,0
55.472888008658565,33.511777477224584,0,0
24.04614237415141,46.21271738028972,1,0
53.08683757707428,63.9245571374906,0,0
72.45142676866925,47.12939773527027,1,0
7.043529576473314,99.9940454892497,3,1
71.5995043261368,27.84082553869511,0,0
29.40184595055935,36.18310072238426,1,0
75.16545603675996,29.267584216792198,1,0
42.35335714642235,51.79840615392162,0,0
52.415497459886794,62.158743084630444,0,0
45.268371022491934,30.865185632025945,0,0
33.428789840110696,25.018902235342203,0,0
47.84760386635413,50.11389941330626,1,0
59.23573252264224,46.566394795165735,0,0
55.246297696844834,55.06990928164528,0,0
52.206240994424455,27.505366233440792,0,0
30.323020055738844,67.02668145890082,1,0
42.249047579431846,56.2618714416862,0,0
49.65825642223807,66.97022885713821,0,0
16.216402489764935,43.01796545476985,0,0
55.85504175727746,65.24860138177166,0,0
52.58759317341732,41.48753980121286,2,0
70.81317711927403,64.61475653778365,0,0
37.18697246528961,42.00318739587824,0,0
3.876667101048878,89.32652679049771,1,1
44.93742170635804,62.61656167273482,0,0
57.31230436415738,40.742898781859296,0,0
37.02229984475276,64.21465085982645,0,0
67.44200322356392,25.620976210325797,1,0
40.96903593198061,23.37958216979051,0,0
49.1393689617462,43.869008940508834,0,0
32.14224749806544,50.21055330997969,0,0
24.278472179097342,23.910996587564995,0,0
42.90122207494113,40.81923845172671,0,0
29.624972964137978,32.802328776328864,0,0
26.64948616692432,51.37911775046115,1,0
44.32945302346462,83.41594513792057,1,0
20.91238003719515,43.43409356629767,0,0
39.19889082087593,40.41521569939899,1,0
45.477382431524326,51.87925609233806,0,0
64.2737902503973,79.40773993930179,0,0
42.529792585346854,33.33318128571031,0,0
52.0408061518893,50.65192295102085,0,0
9.558631426784265,107.64698393393385,3,1
22.520102274487463,39.67479072082581,0,0
60.53602098360289,42.29081528686069,1,0
32.33471881702228,63.939347634856404,1,0
27.238865571427684,77.05858578740367,1,0
26.79712179341336,79.08775260764533,0,0
38.82814077336178,47.777842265116064,0,0
56.490420264523316,35.859258898777895,0,0
9.71969599778261,85.32396308376876,4,1
92.30702231756202,33.60222131227472,0,0
46.1840103114048,51.15545427457594,0,0
29.352289847523615,59.99290504021831,1,0
42.01987749090457,52.93793156594215,0,0
27.5166502140355,42.61452555129193,0,0
48.133274964741986,64.18990940414572,0,0
30.474832297734807,58.00476762426743,1,0
47.49771879538996,57.24522766608195,1,0
36.22898853671295,62.01194398628645,0,0
55.58392083231852,54.80763339203985,0,0
75.94954910315327,48.275246904843584,0,0
32.18993524368526,31.782721621308767,0,0
44.110136166224606,45.4704696447186,0,0
56.93052856724124,38.383401559057475,1,0
66.97332406368803,76.4306303647886,0,0
51.77552310953306,74.9271142956572,0,0
31.490747420299726,71.5325576526273,1,0
23.320245460531996,43.948621157020476,0,0
49.87328124800795,48.186132502215614,0,0
57.09790404302749,40.37749061166257,0,0
2.497431440334479,123.77384249865372,5,1
56.655691870920165,62.50178024041587,1,0
22.06002502220536,38.97333301022973,0,0
34.727070061985245,45.96100084185462,0,0
42.16460723249705,44.463127529163465,0,0
9.156184039122959,124.25434134664457,2,1
49.98195170288372,50.758251347653875,0,0
51.124858088390155,62.79704490828382,2,0
9.606557766332557,44.69950622023973,0,0
21.201830454854434,39.83542069947969,0,0
45.91267434475149,56.03557384648361,1,0
47.749070706992754,65.58225750274336,1,0
42.17061175688699,42.235486285133014,0,0
52.25677860638164,60.03813611995794,1,0
56.8387065382015,45.967787907083824,1,0
25.014830639628407,24.653445870644354,1,0
13.90882914977339,38.20275632068077,0,0
37.85714023225995,49.565258571622444,0,0
57.011357767482444,53.63511738582899,0,0
49.595463332336685,59.237309740826014,1,0
2.745752589657828,110.20009436532828,3,1
67.15091498278633,50.02271625043328,1,0
83.27799009988584,28.38449554534862,0,0
58.09587371798474,53.2288215005725,1,0
73.39239979949738,43.46361391227399,0,0
17.992687005107555,34.16093834311424,0,0
47.272061667044134,50.794482989460846,1,0
35.51043095068266,60.36742775914546,0,0
57.537377016935864,59.08062307896765,0,0
22.83014040664296,36.91825037167505,0,0
44.3368795297534,67.89428873389997,0,0
33.65726851477515,58.54050517501834,1,0
59.51677373472399,74.52700602380321,1,0
36.00515386996288,81.13276155932728,0,0
16.971331685377965,59.184233369798314,0,0
53.40238652270252,67.97887360981443,1,0
60.49362971656532,57.81843283311638,1,0
29.01541615145196,26.845554783207234,0,0
57.06733025019755,14.827795084173886,0,0
46.8658753653739,41.71599277855215,0,0
46.755080698999656,56.08029334248208,0,0
5.800328923261489,27.61124355556354,0,0
65.68349577434083,49.872761337460304,0,0
51.36791828042222,62.210551055317396,0,0
49.994671710733506,26.36968687578796,0,0
52.520793500942396,64.83733323468203,1,0
49.40360736092672,53.95222144159082,0,0
71.75464490005103,49.85317914299365,0,0
64.8584461884068,31.04598633857779,0,0
36.87841625878227,60.29813691676818,0,0
94.3026385438915,52.36436877651069,0,0
58.865904613794356,18.16139031685945,1,0
80.11190224762532,53.281678056869275,0,0
49.043930083736186,35.651683957579046,0,0
47.15348743299301,39.49471562823574,1,0
22.660728169242528,51.51580059170631,0,0
13.074039934276048,56.80851649917758,1,0
45.341085933386694,65.95824068869375,0,0
38.881342988927386,37.20827642472845,1,0
52.21871421766383,50.5077349963458,0,0
32.6814703642586,22.12095195531255,0,0
57.994396169663275,55.88482035836122,0,0
61.31073945847141,44.04977853431319,0,0
76.2718419772419,57.9232162768129,0,0
87.62916975140479,47.22152848736605,0,0
58.57002342727998,41.93145483279093,0,0
81.35668635187973,46.05174821029192,0,0
52.915385399749624,17.048760555848332,0,0
50.021569621699435,61.00616023415733,0,0
27.254934678115127,62.08356720213618,0,0
14.67087144644547,98.92865048224678,0,1
39.258681695344876,48.391294214713625,0,0
27.92769871024637,67.12255285908223,1,0
17.16521019921418,39.37648358398644,1,0
44.6246923225719,35.16564261789584,1,0
25.174550999495946,60.71053718898297,1,0
42.428395310396894,41.686249941603336,0,0
59.45576507748515,74.67997472632722,0,0
28.98650466340574,67.6528238377476,0,0
22.782045869674256,50.63787072242036,0,0
21.05743402921411,32.10040579617342,0,0
32.93750103427306,39.54815054447223,0,0
33.72290157772446,47.17558240603126,0,0
21.108419747341813,89.70606629196607,0,0
62.031959819273574,53.61085214938385,1,0
55.1829834471079,60.6076219929636,1,0
17.545324700528994,37.487962337353515,0,0
25.948299123248603,51.37574338443955,1,0
60.212761571804755,38.469680745512456,1,0
21.43307307648013,41.28250275887066,3,0
27.79792794259473,23.18899276018979,0,0
41.22248783470559,54.66917575554877,0,0
31.274650660163594,60.809950751810526,1,0
82.66638618202407,27.794894509863592,0,0
53.14856144602622,32.20875558985449,1,0
49.9165805885729,28.18849655713806,1,0
44.15309039542962,50.11371222714555,0,0
60.5709539719787,49.00225609448626,0,0
50.06852350094902,62.87103491414989,0,0
7.2301923301520326,105.28941472416231,3,1
15.454013808387067,44.40408195699299,0,0
33.58374261615219,38.51332897715608,0,0
38.93313992854645,59.7696790559291,0,0
53.58074123973933,49.713940037774165,2,0
61.75057504622259,41.504468798107666,0,0
44.99508301887716,38.01959612483048,1,0
46.52280173335535,55.432954462451434,0,0
23.445192089897997,66.47321552568033,0,0
29.550072932793363,55.05822574441303,0,0
12.44618890664617,44.83267076414948,0,0
33.93248434730115,29.177040482422793,0,0
50.86736298579546,69.25238731022557,0,0
56.846488533319,49.93028972235646,0,0
32.869649615714174,60.946272779497036,0,0
64.18739196886385,61.0295491881332,0,0
71.45469166774582,65.17649009399867,0,0
60.61378589888048,73.06811510511645,0,0
9.642168786899202,85.072048540689,4,1
28.429739864150424,52.36335044684581,0,0
19.09138450491445,67.61902020456061,0,0
61.48603939914736,50.658876367598026,0,0
69.83926375866922,54.06582815228042,0,0
74.98254084544959,50.59101604919598,0,0
5.144892815863004,74.51006302699676,3,1
45.9256609299399,33.19743671680809,0,0
24.634171501356427,42.02480105496647,1,0
9.507819258605561,101.11896654317493,5,1
60.277438034137276,58.336559259337974,0,0
9.929899614645823,115.9321961790126,1,1
18.580955522895575,49.124382863856674,0,0
41.657227679145066,14.510169565319217,0,0
35.544849931657126,44.61584069341079,2,0
4.944239668552874,103.4033599546075,3,1
31.86704187138516,34.14557164879814,0,0
47.90658395149071,53.533521832938604,1,0
39.23060942607595,63.37834647617309,0,0
76.97103343108593,70.06897604764593,0,0
57.50142387233944,54.94437143319239,1,0
42.79629485797398,71.58068472031796,0,0
38.370770544992446,30.449430140459718,0,0
44.88325332189946,36.99409953200572,0,0
84.41260475089707,48.718177084875194,0,0
55.581884266216356,59.72274394777405,0,0
9.95757878423148,101.69316298305598,2,1
57.40378093127771,61.300577706381084,0,0
55.3862000361809,52.60456128580723,1,0
56.97190360093751,50.864120286739094,0,0
57.34473413584753,74.60135157611859,0,0
27.35960503554285,56.90999109066208,0,0
4.968380300623792,94.74441462837397,2,1
57.5509874243107,50.984523254413055,0,0
51.63080762925297,38.591296423585504,0,0
35.20635827962313,61.102966953609865,0,0
32.66426078897282,33.16453793562386,0,0
54.232494141166946,22.990182692649704,0,0
54.15354172603544,76.3484248083879,0,0
18.002936558352907,72.09976381541864,2,0
45.81561692212365,56.700352355151054,0,0
42.72411720937936,55.36330282678865,0,0
40.228341821573494,46.3272667806877,0,0
25.429927486585633,43.35436308618314,0,0
32.54795720674216,22.606444046355936,0,0
39.310617600581345,34.011114595873295,0,0
11.540880236587576,35.90654325990272,0,0
63.99492450494048,50.89499425624032,0,0
43.73233126631475,76.10542972749626,0,0
34.599212848521766,26.951873547358502,0,0
26.718526741831415,59.12787336214338,0,0
49.464635346806645,60.40781372142205,0,0
14.64743766463674,24.76506603242303,1,0
58.030793931303634,28.26564461158864,0,0
59.567628486092374,53.65427989907862,0,0
33.15040419031833,54.449128370351026,2,0
4.169186435809543,68.57569060066977,0,0
34.210631124907124,57.00646557449334,1,0
39.418587360138915,32.03951081389166,0,0
42.704425748622086,50.12989298893076,0,0
77.14121579671055,39.19575232673321,0,0
51.08268401342685,19.058196343372884,1,0
75.58843122210136,60.82789822416877,0,0
59.27970769125351,58.79245263577258,0,0
52.095344986632725,47.543853909261614,1,0
47.283050410417985,75.3952309375032,0,0
9.568023359209647,31.169396582143534,0,0
7.872325084013539,65.07491367200892,0,0
58.59486239050168,38.86614841098328,0,0
3.0956211248318244,120.30124004643211,1,1
63.6386521629192,64.42982587296888,0,0
16.814067569321452,37.29206017951649,1,0
50.79837449748631,40.83332073351054,1,0
53.28429197338449,55.59330282045849,0,0
33.54757704501778,34.39941834370353,1,0
25.826444227196262,59.404921917658825,0,0
26.296183243741314,51.14966569861274,0,0
32.28800336570026,55.27645374536465,0,0
36.085516150341554,38.76682703806013,0,0
33.90268800473019,37.98985549074964,0,0
3.391563112479398,99.4781076138834,2,1
42.30318980269587,54.083835641109786,1,0
10.934949336674093,111.73827377893898,3,1
54.860386426418465,45.160235792362414,1,0
23.65038683475548,61.52751819650655,0,0
4.508874599966703,86.86631485533199,9,1
26.501283245474564,55.08149940939972,0,0
32.56987212239636,51.39916042019299,0,0
35.84770928909385,29.90702289675825,0,0
36.699473733742664,42.88882570000592,0,0
40.773993383029676,43.51642097095985,0,0
44.24539063886263,55.95629170794741,0,0
63.65906049252649,45.06437688394453,1,0
26.37073701787334,81.0382137895336,0,0
0.0,57.51361474335219,0,0
25.488924898174204,61.02295789382353,0,0
64.42952355869488,57.51306713352732,1,0
56.469204144276524,35.10234845727741,1,0
30.526914895862518,41.50828148876138,1,0
38.226069230762896,42.73610848126796,0,0
8.828611546317099,67.85725725325142,0,0
29.20111047273884,65.05833600905542,0,0
30.60795713926759,54.790792100281195,0,0
