transaction_amount,transaction_frequency,merchant_risk_score,days_since_signup,geolocation_change,fraud_label
133.8818645351921,5,0.6127315606068343,6.186653826566687,1,1
80.31413791726852,1,0.4318004911281975,42.882246242434704,0,0
69.91646068620773,2,0.34266967828482703,13.495707415727633,1,0
166.01444171233743,0,0.25636783476512415,59.358381002224036,0,0
110.93856191255651,2,0.5248918328950848,33.33937519346159,0,0
88.3892462711976,2,0.2465256852960204,50.53879725749201,0,0
191.77259971120293,9,0.7979075704781632,11.615509999342898,1,1
119.37919269038406,1,0.271216411636072,30.45544421376113,0,0
201.79237932833632,1,0.6668614043073728,27.489551885132983,0,0
80.85789029016236,1,0.6285580442282289,56.78789015955262,0,0
234.43138046928905,3,0.5213655131152224,21.477886401436727,1,1
94.20633688016184,1,0.5101661426679551,31.300095960046928,0,0
33.60646815921593,0,0.1437003329931506,28.145729745036594,0,0
141.3357450465939,6,0.8682914382573426,7.319299482697879,1,1
145.00832062961527,2,0.10135303911921927,9.637512316999537,0,0
62.50461817969418,2,0.3663689731653383,5.91619157085654,1,0
63.731650254894376,2,0.6628920482969451,19.56894943350681,0,0
84.97155850824706,3,0.40119587373836363,36.50813544900443,0,0
68.95366918788596,2,0.309779243472267,44.736872833549256,0,0
30.531946100719885,1,0.37872707376930975,17.068891306486783,0,0
73.36096768178703,1,0.2545717641792687,50.459669078381566,0,0
65.69364966629468,1,0.34200526263191056,25.565561255130106,1,0
139.9290848067024,3,0.7233619823690773,37.12007518635229,1,0
131.90423931389375,0,0.6366227095604468,25.524277581020193,1,0
141.09789305938338,0,0.21991854732276825,30.598543501308836,0,0
118.46555006447493,1,0.1919029524658475,53.67586265675117,0,0
95.81975063628087,1,0.37824092014760946,25.566823749600008,0,0
54.77249495711394,0,0.28817331719692835,20.70400615012661,1,0
138.392393850781,0,0.6436540383576844,40.00030510896447,0,0
101.215998596281,1,0.31279976908729273,43.689030867957264,0,0
40.57484678606802,0,0.7051707373587355,13.90608375516215,0,0
53.27300869685934,0,0.04506678610990674,36.40972496736906,0,0
39.97768308158512,2,0.3414086752929258,38.4403370304159,0,0
10.02289949656965,1,0.37923353315643127,52.941775825189225,0,0
102.76384302806694,0,0.32997573000670505,27.17171140180016,0,0
40.960735870363216,1,0.5452859511133347,48.16236659925066,0,0
59.27407932843148,3,0.3465150343787962,33.936077188968035,0,0
89.47590588861517,0,0.2850506877169992,28.407251730652412,0,0
80.86006889228439,0,0.19674469304076359,23.089756475055033,1,0
60.88921002952951,1,0.2516683485736534,37.95802392640446,1,0
145.7193024963468,0,0.6665240436019468,17.98414610788287,1,0
29.987129313410726,0,0.13008406833285496,18.890662701915428,0,0
31.632086362684547,0,0.4353558952869668,39.259864894681634,0,0
105.3980684883644,4,0.23308139179399687,54.16838603241156,0,0
64.20694735467593,0,0.8495137498303067,14.975541292686387,0,0
62.7205844941963,0,0.25752029813696103,23.211185224632484,0,0
46.99663081645346,0,0.16824093674454185,35.51579122920692,0,0
100.85164508612478,2,0.39766477993115235,25.369127234681788,0,0
96.57401123529893,2,0.23024472609509677,9.437487718170928,0,0
92.526678129591,2,0.23387792288957823,21.741274776473766,0,0
65.84763698980174,0,0.3144722554921378,37.8755426683875,1,0
117.46682339813492,3,0.5057868603590243,7.387717786593305,1,1
81.80243413426969,1,0.4851068434525697,36.40391994840456,0,0
124.72851275098745,1,0.15072365508361518,15.630287260932267,0,0
147.59005712918955,1,0.3104701683833876,36.032332254074184,0,0
130.2315018951336,0,0.2602205357013071,6.8592478140295725,0,0
107.21801899204672,1,0.23722283789278267,41.37650724257284,0,0
125.32269456786426,0,0.21437776033021472,48.41375242619023,0,0
43.086436944284685,3,0.37323587838538097,15.281789163632006,0,0
60.876729565741094,0,0.53610440295811,25.13697728690934,0,0
107.92714321663286,4,0.5877603018814921,14.211041651141805,0,0
83.50988705215957,1,0.18959649562700387,33.101660457037546,1,0
100.82524242048113,1,0.3747428572809431,33.83459450805792,0,0
125.21967725890855,1,0.1574862871986256,15.944220454524231,1,0
119.31307480837138,0,0.15218932023060627,25.052612644911363,0,0
46.5433866174845,1,0.3181652798470727,44.919287422250115,0,0
88.45008363174456,1,0.19276163155752007,38.67658700111618,0,0
53.00874188926734,1,0.19622920426381096,34.34689569114581,1,0
58.461914531676825,1,0.16905715409164868,45.171440857323546,0,0
22.986977806708452,1,0.3479295864960793,53.66554242222177,1,0
93.07681680947283,0,0.400049908866738,33.657139115989395,0,0
20.178566372982786,0,0.6624652019536342,35.686110940932345,0,0
102.97706307638273,2,0.1359367047847851,28.606000354691638,0,0
139.62100921734532,0,0.30298867945053254,34.0459494743956,0,0
108.1527725212595,0,0.2270780442418474,23.53798089430888,0,0
89.97175759775888,0,0.21269989294491246,11.770063303952352,0,0
146.30902876531763,0,0.5905445876237577,41.58540044308202,0,0
100.44293650004332,1,0.46429975112986205,40.36955379730587,1,0
55.21575386709897,2,0.3859606585505037,32.84149270461467,1,0
92.75404516578385,3,0.19323186204215834,33.516624763030165,1,0
162.4682770225777,4,0.759224487209709,23.644350948382876,0,0
46.47972428359193,0,0.5362531166071904,46.434288131375915,0,0
35.55529257008035,1,0.11642018905430654,17.421810831491364,0,0
111.36652859897849,0,0.5824141759872887,48.905292272123326,0,0
79.4859796174027,0,0.40695177785289244,39.00834444606378,0,0
67.78392873100562,1,0.5158425521515706,35.5047245606404,0,0
40.1511820323301,3,0.639856024958511,36.2140498753467,1,0
13.895734956503716,1,0.41397973757820905,44.16157916501469,1,0
32.655658524406014,2,0.5041513765878087,25.258219083300688,1,0
149.36716996243968,0,0.29688066512445915,41.430277214365304,0,0
87.66277876050984,1,0.5288381468662958,27.20929385218151,1,0
13.430149681969382,0,0.42562589735562517,37.581241022537775,0,0
202.9548386586737,10,0.9441742585607773,3.90904794317081,1,1
167.189120936148,5,0.6728067138541683,0.0,1,1
134.71089031594778,2,0.24722813647198183,53.05268404293364,1,0
71.94381023960801,1,0.18880860683876863,47.98159954692121,0,0
77.78519675378227,0,0.16212638587221545,51.7866404765481,1,0
93.22985882090721,0,0.5712317525644497,45.688585158804294,0,0
141.23976730379798,2,0.2892251169849362,24.39019530395047,0,0
66.91376127463191,0,0.4398713147987519,25.884547874947142,0,0
59.33229670593286,0,0.6109505718561967,43.87106638451594,0,0
114.43572099757202,1,0.3577508008048598,44.95993133860654,0,0
133.95167988628714,2,0.20292829177533478,48.63254981871111,0,0
85.99395361977082,1,0.5084767790630923,34.31883342364952,0,0
113.4767164964737,0,0.22590691226580745,31.222245970484895,0,0
92.27297703481327,2,0.3960743116403258,46.355204478709084,0,0
78.4527049680282,2,0.17625013222428354,13.668994518551902,0,0
56.487428457537646,1,0.13781662237312656,29.973309543357853,1,0
44.153323745015946,1,0.5629009685772387,28.908207470136905,1,0
64.63888965272048,0,0.40566614217322794,29.048767329258034,0,0
110.77168973688075,5,0.7993878144047422,18.89274698188597,1,1
98.77233625625834,0,0.5434690154124907,39.42617517103212,0,0
134.2667391618379,2,0.11573285151026544,33.482764694344596,1,0
95.75235535209418,2,0.2372584700684661,13.684271260086465,0,0
53.01327309190651,1,0.21680205534334737,18.390102437494143,0,0
176.46680440760167,4,0.8008698083300501,15.246323041254565,0,1
99.28149685178892,0,0.5591473828982959,35.052185186702665,1,0
106.80338878704765,0,0.42853942475393186,46.73931163322163,1,0
68.26402697887023,1,0.37148051717370906,23.4598086966097,1,0
131.0683097481027,4,0.24684909060908553,32.515278918042014,1,0
130.87409653080027,2,0.20561181982739993,29.9876427793223,0,0
81.00544850297933,0,0.3828893766875693,42.62157590060267,0,0
115.30117017091112,2,0.4501495062367885,56.736460003468785,1,0
129.8565877787234,2,0.046985569231015635,25.249299810660986,0,0
70.31585540863621,2,0.22811570866214667,7.565912688066874,0,0
84.91293138987743,3,0.4958697503871819,37.84734257416983,0,0
91.03207157369145,1,0.2938774594056381,36.97110592745435,0,0
46.28283398665969,1,0.45767449204557775,10.205015965040793,0,0
104.78317543906748,0,0.15486933651620147,20.157725100044168,1,0
126.85586699277746,0,0.19813791510576728,26.726916182368434,0,0
82.53233138372178,2,0.2951255505778964,45.73045407442592,1,0
100.91430206538618,3,0.04216217532440065,19.633491803201274,0,0
141.1460702448907,0,0.555989267093535,28.78451380583796,0,0
72.60422875748797,0,0.5161225307776421,8.374151756563482,0,0
101.69006990982614,0,0.3218182272483701,37.846721377049,0,0
66.3471363365524,0,0.26213305129610764,17.09234023470548,0,0
158.06317538626405,8,0.7699304243438403,4.502035533592489,0,1
100.9919439359659,1,0.43851193777449,21.79575694021343,0,0
97.17204355790491,3,0.8149220187329922,43.393949978941144,0,0
109.09265390205252,1,0.2383046867219488,38.433204276005256,0,0
90.89403248572907,1,0.26533679619501005,21.60338821468169,0,0
140.96148565001198,2,0.6663226541271867,14.956814189602555,1,1
151.289720938712,1,0.40691456612330423,7.732842191333269,0,0
128.27659540161193,1,0.23149931101266655,31.694490011748307,1,0
100.85850455229055,1,0.4934395661955219,40.47154031929776,0,0
107.18646593679348,1,0.27821958649526496,29.105102215527296,1,0
76.6417234868403,1,0.5510945537186558,18.270975612733004,0,0
81.9508145367587,1,0.4396186066637767,50.95667528412713,1,0
106.71351536551569,3,0.3816497208399419,30.469870849777195,0,0
91.33070853920265,1,0.2467683270010725,25.338426982355834,1,0
118.13470969679773,1,0.31721075176119146,18.737105599394354,1,0
136.14877413094896,1,0.13866124946887254,33.1480559362161,0,0
87.59672704691197,7,0.9054050121779607,2.1465708023352565,1,1
175.102274188745,3,0.5760337650978621,5.902426044703692,1,1
165.29917918004324,1,0.45438380129721245,51.81359196186287,0,0
63.20521154329243,2,0.584877821026446,51.595675035351746,0,0
95.41614471774983,2,0.3711731197774297,35.00183610536946,0,0
115.644706895625,1,0.6139913072529708,40.249855328124305,0,0
141.54099447603716,0,0.6022703706633247,14.129906329781384,0,0
156.6292999256648,1,0.31065004883370223,33.09530713571792,0,0
74.17282076483652,0,0.2077658974994146,35.21669424205756,0,0
133.20821114383125,2,0.5131181206298511,29.395371715335397,0,0
95.52323670824485,0,0.10037961604476928,26.76081513069255,0,0
192.24173946807028,0,0.35322328721290097,22.528641301670707,0,0
129.8168995218815,1,0.23019451803065513,32.42392359273083,0,0
81.255984640332,0,0.4468722246668763,45.74005049423818,0,0
57.86323294659395,3,0.6158206876327476,47.732076596050575,0,0
0.0,0,0.33337770044445975,31.999754824878888,0,0
113.63768533544525,0,0.08288577539148113,44.793563411283785,1,0
126.32105280364866,1,0.30387572821454534,20.805549492870618,1,0
104.79759687828671,5,0.8258253184217741,14.055920848149267,0,1
0.0,0,0.294182689196151,30.648864686569368,0,0
40.19558239180029,3,0.37556133265880065,23.81666916571836,0,0
106.2712921600779,2,0.1523833746692863,57.87190903557335,0,0
155.84990194827006,1,0.5997317624744609,26.323819038597154,1,0
85.88895549653728,2,0.5636292210892849,27.61913476149281,0,0
129.47769375048395,0,0.3635079086801716,26.483635321607228,1,0
167.25621113206793,3,0.685906595908051,15.753952660270727,1,1
95.8708652407883,2,0.40808728216383666,48.182592854617965,1,0
77.56291502365283,1,0.3949135458506017,18.1873027870432,0,0
133.12840000557446,0,0.4436346024221871,37.72172680652954,0,0
67.48621942441744,2,0.4874059952953295,36.173845167235804,0,0
151.72648198686773,1,0.19360119993585756,12.674338241165287,0,0
76.30692562244046,0,0.28678804327115454,48.20867316277453,0,0
47.34520614621766,1,0.32845447083025076,35.22917131501984,1,0
48.620321925959125,1,0.3659976946840089,40.67490860009044,1,0
64.34776897078137,2,0.17864848353747514,7.117557922895557,0,0
102.08155846106322,1,0.22088148476931793,49.572215768100705,0,0
64.82076094843734,2,0.4993074664075398,56.71819554475975,0,0
56.82185972526307,1,0.2884190008537937,30.196244189340753,1,0
121.81270595830743,0,0.31673647772258734,23.319453354863047,0,0
0.0,1,0.4915014929050528,2.6126157879859377,0,0
71.6644978154453,2,0.5981701931932991,16.432757480094317,0,0
37.29895038606456,0,0.10581856302350232,42.0411188642396,0,0
54.99493134293478,1,0.2383632978472582,31.60934440980889,0,0
97.26249709638527,1,0.3153720838918821,13.794089344364117,0,0
80.20115948866828,1,0.4663316938340344,50.303995347881255,1,0
76.76849335012352,1,0.217795569932077,23.970589709341,0,0
133.20133740064207,0,0.15605352618556384,14.248026378047367,0,0
87.48250992963602,0,0.010906627040996248,32.53878190892188,1,0
156.63016119706265,1,0.38690269459037724,38.12247308374129,0,0
115.06328756402907,0,0.41012436047778317,15.925357496302968,0,0
192.9792198955399,1,0.7236721630336654,19.37353541362082,0,1
161.49549487082447,3,0.32094616447679236,50.46219260846368,1,0
98.56800309065844,0,0.24767239878649905,15.742775372684033,0,0
197.14396483199076,5,0.4688465846242075,17.98686584981401,1,1
77.88836936475515,2,0.5598095683667644,28.19586084435274,0,0
98.34480640150122,2,0.29188292138684147,38.437792015808,1,0
104.42033828235282,1,0.4442789802814331,19.427973397909565,0,0
81.61167657972665,2,0.5486023086215924,34.80500010918197,0,0
136.33295983230167,2,0.5419698493249078,20.558087865055718,0,0
161.43811632316374,0,0.38032306841245955,7.987727535428505,0,0
0.8498014125729441,1,0.38713609192944,15.073748332023904,0,0
118.96309824967743,0,0.5273712550626909,29.38469517993839,0,0
54.00885522565496,3,0.22711473020595188,34.80641790117862,1,0
0.0,2,0.15045481808254127,46.52859690343092,0,0
107.64669374563933,4,0.2763100137811317,36.29804513463538,0,0
107.7323929049954,0,0.4439214966998521,50.70393851574723,0,0
113.8448326523516,0,0.5563177145569924,29.586719364556718,0,0
102.09905936033394,0,0.20218033016734221,38.62162594037889,1,0
121.25095848477966,0,0.4620822924318219,20.222264489494687,0,0
65.08414554891871,0,0.4816391958241349,35.773150911696135,0,0
98.0067067878869,0,0.29549358828943134,27.519609485560103,0,0
114.53031820028563,1,0.1235489734490995,26.207580915827094,0,0
139.4123326572563,2,0.22968111452545836,32.85079846672163,0,0
89.66612796458108,0,0.14236301547549943,14.983565644892636,0,0
134.3696251255963,6,0.7041809417725707,20.285964832127696,0,1
85.90092200832872,0,0.15229576889451965,40.45522108191055,0,0
42.643461993048625,4,0.3291320748408062,23.55293222003954,1,0
117.2457228574091,3,0.32111885643094135,34.19477131766877,0,0
32.62195754166185,1,0.5786300795843828,47.00182712906738,0,0
102.85663591541977,0,0.353934104366885,41.05406157231518,0,0
91.21382044585926,1,0.2281235359649101,30.400369617226833,0,0
29.063042514145394,1,0.32462975488344464,36.753837487901784,0,0
31.230048134191748,0,0.25619477408153823,49.911716432585465,0,0
55.55972402676903,0,0.1695996743550648,35.04313395413721,0,0
74.93020485517975,4,0.39455687075928736,43.36391049921223,0,0
144.25821270275375,0,0.26575697640840296,41.54897689625618,0,0
83.79206367950563,0,0.24921877015459035,33.13921261113405,1,0
108.76650355553281,1,0.03927384575034498,47.482005162577735,0,0
136.13100433656803,0,0.20114497499543693,19.859467999832756,0,0
128.7803570637987,0,0.624243181602937,37.13429731145877,0,0
87.7317309109154,3,0.17638957724114315,25.365437392427886,0,0
61.19003952922466,3,0.35168553810797026,42.70710671499131,1,0
173.74462806604214,4,0.6497790384708003,0.0,1,1
61.94827089560084,0,0.4005988030630965,43.458459063475324,0,0
156.9625767958543,1,0.33087012212156974,41.18626229043267,0,0
120.9763429785391,1,0.45237996482932846,26.955654346531976,1,0
95.93045955517955,1,0.04940594162550537,38.448452108106544,0,0
107.48152711035162,2,0.21461331393777203,37.489678859442435,1,0
94.77488660151671,1,0.1897162958565576,29.54736187010102,1,0
74.00347406328231,1,0.5543971144639451,42.40082140171211,1,0
106.94717727310419,2,0.02663508882209995,30.682920516513548,0,0
78.77010778794688,1,0.23919396297438353,22.64902451091776,0,0
161.59416043262718,0,0.27065295371892756,35.43713010319718,0,0
61.67727078979719,2,0.267613332784782,37.46306184653506,0,0
107.33430216000318,1,0.5509739775693061,0.0,1,0
58.25639326470126,0,0.265097102355753,60.771800296153124,0,0
57.8597629257316,0,0.4463301843652185,65.96674367826567,0,0
20.128585161065175,3,0.5897186598919795,21.983000786959902,0,0
103.63605398137777,0,0.33968905153464035,39.38815483574606,0,0
67.76629538028016,3,0.3759311985609904,19.18103826006413,1,0
129.16880171502012,1,0.3841574194066357,12.055882049567867,0,0
103.70522491944045,0,0.21904365213209875,26.49452833199316,1,0
93.63253700511342,1,0.173967023955006,15.36594777865444,1,0
34.40104658859863,2,0.4668206473883947,38.40957733659439,1,0
110.22640158498152,0,0.3959914046571562,42.55076107844171,0,0
140.1168255086745,5,0.5369926544076007,8.090145741302159,0,1
33.55212954624764,2,0.18818392825196326,32.568448419093855,0,0
104.35951222209508,2,0.5323280226789073,42.35811799359081,0,0
40.18488042008379,2,0.05861667097949445,36.67928709224127,0,0
177.05089493792906,2,0.8998472918430688,0.0,0,1
137.29110928252058,0,0.4119130593924532,20.016822079091718,0,0
66.69218389147201,0,0.4052228736654661,29.12482618928922,0,0
21.70945377841396,0,0.23604591452100004,27.592491951939127,1,0
51.421511194296514,0,0.054707623658061096,39.086457666961515,1,0
60.60003931127626,0,0.1867623483455042,6.713597242840052,1,0
131.48063703117114,0,0.5544696695637716,44.623385325706764,0,0
24.80722511685974,0,0.2857783769709207,28.805404960814563,0,0
37.12156129352567,1,0.4184087683445623,24.00350177548163,0,0
125.25531380565789,1,0.10214182482457396,36.139578357762105,1,0
70.91015376801653,3,0.360655030636534,31.720015467903576,1,0
96.6622040444312,0,0.20312087603972429,33.904718884720054,1,0
239.74224684149053,3,0.6009283505452968,17.39066383582466,1,1
164.7816659592355,1,0.1889449797620651,10.514754419945103,0,0
38.991584075024946,1,0.4676446304400558,15.312231834783848,0,0
195.08948225212617,6,0.5002385239995761,14.625259581229935,0,1
145.11235031578178,3,0.5397142166158739,48.77682715533454,0,0
73.75053160961589,1,0.40757458228739357,41.4876064569112,1,0
59.35658589445083,1,0.3865838816408835,30.517665036384432,1,0
117.14991517105138,1,0.17986989992102742,39.263486703502004,0,0
126.15446279050235,1,0.3882402217460633,42.078559372651256,1,0
57.6036599703305,1,0.3830535604431357,38.216645344522455,0,0
143.56347056840661,0,0.38012234923837673,45.009759575810584,0,0
89.94640150161976,1,0.25682844950837397,34.105274500369994,0,0
107.33292925287415,0,0.26704245101006857,37.881770767130845,0,0
234.1408311880437,2,0.8139336137395276,9.154902927078808,1,1
117.21364857995917,3,0.15499430351185708,27.077023661701247,0,0
87.99053133410938,1,0.43283119455401925,30.392207283142035,0,0
62.47949995233141,2,0.704669002291499,38.102351671324364,0,0
190.92321472592926,0,0.35214715678756786,20.288673337782537,0,0
58.0173852339754,0,0.47420897932446815,23.304680307248603,1,0
100.08890557125032,1,0.4067443306941646,28.86202252986809,1,0
107.37959671996992,1,0.10204148082356716,32.65062481360383,0,0
117.31491491439756,4,0.48286738050915845,0.0,1,1
168.86464341244704,0,0.24746052887476597,31.79183155451578,0,0
89.80767501337942,1,0.26949876744009676,33.61580151217484,0,0
84.3874944371819,2,0.4791018781002869,29.190818437113172,0,0
146.98656618908657,1,0.1419428977906771,23.80837832691183,0,0
82.83640244946572,0,0.2828257845232777,32.43288330461974,1,0
121.28892484472587,0,0.423826508873314,39.66532987462452,0,0
95.38681386667228,0,0.3238445007575871,42.326825192955035,0,0
122.99704681397208,2,0.26731792280073696,8.113202594796505,0,0
115.56703452929467,0,0.23094886452615826,20.101760687888877,0,0
72.68174022273234,2,0.19257048862519627,43.32438901465914,1,0
17.927520376981946,3,0.36600535533037687,28.64507438529525,0,0
24.391468847321228,0,0.6272937359498955,9.979407309103784,0,0
18.065613538359045,1,0.33083269548342426,46.66026966376399,1,0
84.53452740407246,1,0.3829487839645472,44.071649137342156,0,0
0.0,1,0.12222972044251627,17.805814946075984,1,0
216.08098522979853,5,0.7815994240593551,23.959722568324338,1,1
93.08315918869772,0,0.1680094983110751,67.78642467194447,0,0
120.53660489469556,1,0.4407768309877919,20.995391947186697,1,0
107.16642756108719,2,0.20434383596648553,46.601032386857995,0,0
122.27163259189686,1,0.20717857230016984,50.533739891208,0,0
166.5638439057413,6,0.7865515466655082,11.719361273257574,1,1
75.70542147778023,2,0.4628134462573547,21.06345658446722,0,0
83.97264813126509,1,0.38851560237145927,44.378050846143125,0,0
55.63752943395839,0,0.4582670337298846,15.64825331950242,0,0
96.66728807688041,0,0.7048384216648012,19.14488919607073,1,0
27.8005690856916,2,0.33309422133929195,29.64968112365541,0,0
128.50934725223968,1,0.5284539315252054,30.49815416401688,0,0
51.6494323079898,0,0.44571658987673696,45.087891828212335,0,0
93.8461222237634,1,0.46371572579512377,38.75582924629036,0,0
100.21617674168834,0,0.3236053298387205,34.47892391339798,0,0
132.18347094686635,0,0.8272171381978936,30.2328232806783,0,0
24.1157923920737,0,0.5031325938174805,19.3925583679078,0,0
75.63255028969786,0,0.4543822632360716,46.59506764902048,0,0
176.926310225986,3,0.7667353762054023,2.5166056509389634,0,1
154.5449734944609,1,0.3443996209592652,39.86719217015259,1,0
86.5245463650911,2,0.5945697946865072,34.65477725870719,1,0
65.41486309563967,1,0.40936993306867087,33.3501505291552,0,0
165.02557273560188,0,0.41693273856259455,33.247835364564054,0,0
118.49730553048188,2,0.3526649927316842,32.04925555385187,0,0
140.19806433011686,0,0.4271519399584611,30.302775110818256,1,0
136.96753176082137,1,0.8703063598052619,17.127743252448894,0,1
107.80290595654522,2,0.536742270341011,38.37984699737363,0,0
46.833640085304474,0,0.4040549013762761,45.49222368157743,1,0
38.408327880569146,1,0.2969207576908548,34.88666278713559,0,0
110.11144240690581,1,0.5521205629878085,51.25741863040299,0,0
112.77020115889727,0,0.31070963597366336,26.47884965788653,0,0
69.6835471112132,0,0.4340083764319166,57.76242473230347,1,0
142.4174146851852,0,0.32213430811918164,37.316981759101814,0,0
73.97724827110258,1,0.2226392038019053,0.0,0,0
77.74072147164264,2,0.34319613314759856,54.9460576092263,0,0
86.63052655021424,1,0.22945102389476926,20.581523237661326,0,0
78.7681744872124,0,0.48341451213676057,34.50938487176529,0,0
136.53596083932337,2,0.20677820836177752,38.133009226627586,0,0
48.415273251605946,0,0.369948347912639,32.830899028810464,0,0
59.33495875098822,0,0.4175573389822125,30.64493136897801,0,0
42.72651321866904,0,0.6055506932239257,24.304934544286866,0,0
159.57364877382201,0,0.20760938616473662,25.8455673513253,1,0
75.6682658271032,0,0.08018530687071276,46.26201966132129,1,0
58.79637045476882,2,0.48792423014258407,19.797718911432625,0,0
77.08230786107941,1,0.47450679480228114,32.64337276298861,1,0
120.26413184721147,0,0.11901803177596819,40.518577993492315,0,0
113.22308793535092,2,0.3956601309795631,19.346014195604553,0,0
66.14319971008948,2,0.10794449859615181,37.60597553802962,0,0
72.81572541114099,0,0.49158366059097847,44.57749352697313,0,0
32.692122858497115,0,0.32323239107027973,36.235608328017705,1,0
93.2714862040395,1,0.6269917229525123,45.50652179319843,0,0
136.7280625662934,1,0.32375466477120435,31.504001368764012,0,0
65.89246784367688,1,0.11146068915522957,21.832206383866538,0,0
112.16089515544672,1,0.40573874643260965,30.163785693373143,0,0
65.87970620971058,1,0.06137438732283978,15.623821164500413,0,0
46.365336140873694,0,0.2708309269087125,60.51065230492789,0,0
113.85063250618998,3,0.42242850418750727,31.903362441906243,0,0
177.2106767283498,1,0.11184395216187179,9.417375967806482,0,0
108.6500971529297,3,0.3865810135353836,24.17964673447452,0,0
72.27346489932215,1,0.23155443425213001,29.59198644960526,1,0
74.72409352444143,2,0.5601353877292817,16.65929787786014,0,0
160.5490447984027,2,0.47807982291896417,16.51443618878755,1,0
99.66524075377382,1,0.19900943246156647,27.87037802865166,0,0
58.895191216441496,1,0.19393017506412474,38.488585472319464,0,0
85.63544759182288,1,0.40282670462072084,43.39839367168581,0,0
176.3435680331865,5,0.46584464717478763,8.15008312354868,1,1
105.83012066077501,1,0.7252855683838273,24.9294116340358,0,0
145.4574749355732,1,0.31381320323693546,0.0,0,0
104.45973971732857,7,0.8604158128338304,0.0,1,1
95.53307350624064,3,0.26527970238622733,29.389458816038818,0,0
86.42318192781642,1,0.21970776298967298,26.756745373219772,0,0
103.04745822521295,4,0.21397969512266288,46.879791817332766,0,0
64.88712729228271,2,0.4527389188656904,28.256456995485625,0,0
125.24035505849155,0,0.35411397703889796,37.88878657217253,0,0
80.26807165330308,0,0.31680740793332646,34.9526190857571,0,0
106.65424974644878,2,0.26864112602088164,17.152522864983624,0,0
153.10363567352812,2,0.5396030974172786,18.953453073867422,1,0
109.00664588002168,0,0.1007988198600688,29.336646362847915,0,0
96.76672030897593,0,0.28938107831420495,31.800881718335365,0,0
68.33927662811571,0,0.356152374095618,24.53978404504912,0,0
85.03318581441172,0,0.5323346308890693,24.432455029996717,0,0
44.8300772798123,1,0.172822729680138,31.13665729734714,0,0
108.26160557674909,0,0.2753620137764861,23.554812973433336,0,0
6.894265717696513,3,0.235546690836244,42.70965036567409,0,0
154.64908298339446,2,0.7377317002476071,3.9314876269486003,1,1
115.80397525401806,1,0.32167865722766475,25.670063040455315,0,0
91.73091316950163,2,0.4649804253139806,39.06383850203868,0,0
192.5456408466983,4,0.8252748019969421,9.536196541001628,1,1
87.38212295068949,1,0.32840972235481203,34.13089847973049,0,0
20.5868589838652,0,0.3211744121080682,14.655259579205023,0,0
119.30442292404913,0,0.28330215360115274,50.871947211775165,0,0
81.77466750810382,0,0.6274161619465148,52.032356020793245,1,0
145.5787846486709,2,0.5063253735974127,46.87788863471404,0,0
102.8956308347327,0,0.31009742194107304,39.562846940052445,0,0
96.79448327252359,2,0.3299433507855302,38.088259472198736,1,0
103.23602924810665,1,0.10216081384322868,33.710770365131445,0,0
50.9305977205803,0,0.3453091192610717,33.16012000220702,1,0
70.86223305222468,1,0.21646084121242934,18.056037823249603,0,0
196.52961695666846,3,0.8591834730270796,8.981552514066394,0,1
76.50255786464344,1,0.11007945794187594,21.44498387180466,1,0
66.09252606565713,1,0.15482872047780383,7.896382705910796,0,0
77.26893982867902,1,0.3932305597749676,17.030023135930207,0,0
89.67693678492901,0,0.10916438305501303,31.93123712712207,1,0
176.1122061487323,0,0.4653806135154002,5.187646121757368,0,0
75.6351285096248,0,0.3000253793031479,20.574009706497872,0,0
62.2576798073716,1,0.3257863762825573,29.221587967893257,0,0
82.19629830690249,2,0.525062190017411,22.80889360766662,0,0
145.06060614296632,1,0.4344474978512561,27.980893153509605,0,0
147.77748536532613,2,0.19049028764329584,35.42604069467063,1,0
162.06572687614525,0,0.11361979912898933,43.53230864237621,0,0
90.31706912260975,3,0.11813762240489678,23.152638236508047,0,0
112.38050624470415,1,0.44036078588388816,28.34055474499514,1,0
48.09906996151889,3,0.32282612749295564,5.461289072083698,1,0
74.5692506226091,3,0.2643302599771441,39.114564673259615,0,0
45.626778461443976,1,0.4255249137711047,21.655077104312195,0,0
105.9838327705711,2,0.2734771761797814,36.11501333551565,1,0
89.45968498901875,1,0.19449767401613977,28.218603539014087,0,0
96.59520707793388,2,0.26938037598399367,58.7810359119543,0,0
55.843988898736455,3,0.17480200477372435,53.96653649298448,0,0
153.79411153517069,5,0.47885882345163977,1.2927409401570076,0,1
0.0,3,0.3524198607607719,37.12263960011235,0,0
78.42292907762422,2,0.4308631856180781,35.05748152270162,0,0
83.94750560994567,2,0.3025509013715485,26.478910704161734,0,0
171.16537161935673,7,0.8341373757474324,8.306014182206052,1,1
102.59687913796529,2,0.15659541027508767,20.70983155873536,0,0
81.41596328403479,3,0.203331170439968,24.398354995880116,0,0
109.32244204085575,1,0.06888884765140281,37.03905400298381,1,0
163.99348663031566,1,0.33020596993810336,29.137956677740235,0,0
100.33570722151049,1,0.11629489078000459,7.457817096818726,1,0
124.96112957060723,2,0.3127305366961999,62.78351617818366,0,0
140.4762174168851,0,0.44863226735940953,30.04035743966877,0,0
106.69702965857105,1,0.5170550647353844,57.79722123369322,0,0
55.096727872174284,2,0.157675393135942,27.1725152534732,1,0
93.38779140788576,4,0.8607173836835689,10.367820157612087,1,1
102.2263677811548,2,0.34216475848871997,43.130254519990665,1,0
72.79020274490118,0,0.26468149822537357,28.41140529471189,1,0
136.77684056831833,0,0.29731271812106735,36.82136970710669,0,0
69.9453198828063,1,0.4750771677152136,28.052093035449957,1,0
87.45633167815171,2,0.5257407860970521,26.26416446336902,0,0
43.95759352629303,1,0.77725768071965,50.436768761700336,0,0
74.93435847761029,0,0.4695617780940262,17.52229739263838,0,0
52.172269996163664,0,0.3413251572871831,25.876371756691178,0,0
55.641972235821086,0,0.43803577059346444,53.91135946678865,0,0
85.99305858295514,0,0.3202082317003032,28.046736210343717,0,0
64.93711723500004,2,0.6865142967727967,14.34638477878407,0,0
187.91105168087967,3,0.3620392342644826,39.37823247047628,0,0
119.7639777433333,0,0.07470539987308417,31.57357929183043,0,0
129.21631668560855,0,0.4195336934212994,37.39419454791828,0,0
206.96352224157292,3,0.787801421974585,12.573887636014145,1,1
92.01858278993308,3,0.23912350158242637,18.73677227567851,0,0
71.67546806505288,1,0.11975334172225781,34.86606097453456,1,0
187.7264742176832,0,0.5719644870134155,47.20383153081177,1,0
207.08456346774315,3,0.9506223749513871,12.402591481171946,1,1
65.05746202907557,0,0.2073232950867704,21.370832739048854,0,0
59.34783961535141,0,0.34049415846680914,29.918659837826187,0,0
100.74330102399155,2,0.4786689142210211,29.490393398469823,0,0
141.9988376241659,0,0.30480579062580615,28.144716399724835,1,0
129.3044611988216,1,0.3229408267636423,46.82337246026084,0,0
59.25963527249058,0,0.3766448656453126,34.9081381188746,0,0
58.3241527780082,3,0.28376337893834347,51.88907698009817,0,0
135.35820334003162,1,0.3602078136738862,34.72478219777855,0,0
167.85249219683962,0,0.46253261467394313,36.329449554932374,0,0
82.4899047090053,0,0.2774593519017495,58.15598799906281,0,0
133.85168951786807,3,0.2524456856532475,36.11676139095683,0,0
32.28865198608479,2,0.3561539439903312,28.93589741244075,0,0
55.94606896303317,0,0.4299131350465824,20.700595242640954,0,0
49.635266781519945,3,0.5266062696138182,21.7472214971734,0,0
103.66412421561908,1,0.6149365834328065,26.99508724961717,0,0
81.19891116253223,1,0.5242397956232601,29.001834951602376,1,0
97.04752049776391,1,0.45012571516466665,7.240522520540605,0,0
134.32640757631128,1,0.3484510196400137,31.806776253827262,0,0
63.17968501515155,1,0.42524646102039554,0.0,0,0
91.57173805128899,3,0.45871445645851533,47.32011216299718,0,0
37.1585756751662,2,0.31556675904540615,9.341438574287277,1,0
132.22385719819067,0,0.3072479391261435,34.21626526560644,0,0
129.66372111920163,1,0.5292043242010542,33.74770091052316,0,0
101.75174960244617,0,0.4127968631167119,48.10759957640362,0,0
92.55757188279101,2,0.39832739536956296,33.64108413746007,1,0
68.65237848659896,0,0.44267579073918367,30.809161688889255,0,0
34.96913060139457,0,0.155441325359468,35.781797994896365,1,0
99.61059376792464,0,0.272180419161679,25.6729059439738,0,0
191.013802904528,8,0.7925137959717612,4.631021507147935,0,1
207.63446917451063,4,0.5856723403837317,6.4552074255599425,1,1
73.04511840159955,2,0.4883527574816076,28.478962166111902,0,0
98.26690149199732,1,0.42695817270081415,39.69634788557107,1,0
130.3473602232486,3,0.2501211923291253,21.42413136147335,0,0
131.4922493967111,0,0.3401388389982898,43.424628513778515,0,0
116.57582192938857,3,0.8100368641473779,15.298256095724238,0,1
77.39194305616876,0,0.34458667241403806,32.306935638243075,0,0
68.04427519513399,3,0.0799465224935174,13.517354713235733,1,0
53.7299063956591,1,0.5172471938291224,42.05238044474754,1,0
143.92343769488338,1,0.2550520736018225,55.55016523670383,0,0
90.38312474135081,1,0.5093074196126782,26.431841227469395,0,0
85.1786724161874,0,0.20646385582989255,42.30928276894817,0,0
97.41291017472284,3,0.3642881992483431,30.624308818637594,0,0
90.0429546766683,0,0.23515860882979514,18.83643942771505,0,0
79.60285979143242,0,0.25986449865213174,22.79327280470598,1,0
59.06082121426111,1,0.20915758734412934,30.714900008451878,1,0
147.48065740768342,2,0.2325758121219693,37.440193229239554,0,0
66.32965401000742,2,0.1553838532912195,14.47641544521025,1,0
52.64054147271522,0,0.5903960656843281,23.53878405610785,0,0
84.93888526503885,0,0.43297991365894867,32.39570680997199,0,0
169.98557826257948,1,0.36554460154297164,16.876986452953105,1,0
56.78021443488713,1,0.27688358677613334,36.70782447614971,0,0
114.96537831168767,3,0.3907804930221984,52.68552833399585,0,0
78.63939901315835,2,0.19439420071953037,30.78138616673308,1,0
97.30267542882493,1,0.2704314652698585,40.82116494022904,0,0
123.04287362854001,0,0.08965829345878323,16.690401573622754,1,0
22.651825288666316,1,0.4973737410963998,24.43233602493412,1,0
53.93903786590716,1,0.18078058734509875,43.93491819076135,1,0
122.50448620722797,1,0.49241263296122795,15.6296118773021,0,0
91.70314119509099,1,0.4816534358228709,23.481904122313846,1,0
96.05123633726834,1,0.17321496780641676,45.71481787401306,1,0
115.03257744772938,2,0.2060568678219654,24.680519257513733,0,0
54.195143345700586,0,0.2755790941087872,8.001128485756631,1,0
128.0927564374382,1,0.2851976172034826,25.23539041304523,1,0
119.15178153634089,0,0.4639410400873212,52.9259534819322,1,0
97.05605387581808,0,0.25234817923370284,49.276811533974964,0,0
105.78900584896448,1,0.47318310068943903,31.05227209900898,0,0
132.26900355096703,1,0.14323548021667773,29.199897651761866,0,0
65.43411576810205,2,0.22847190757382976,60.309070517458935,0,0
113.13156670152638,0,0.23761823350460765,20.769422350015425,0,0
154.28557495716115,0,0.3646466390269249,24.29945497144434,0,0
112.34379748056904,3,0.27269982665093356,44.71248780149945,1,0
79.54905734897017,2,0.43740402720741023,21.603648327598716,0,0
176.0918162341499,1,0.08314189972497034,36.40057978903017,0,0
96.77095109159876,1,0.6246771068058461,17.163378635221697,1,0
141.1464807878304,0,0.47226819550137406,49.8821795898355,0,0
71.98180628013219,2,0.2523512695255363,26.811572694761626,0,0
128.57649492041674,0,0.3194639969509488,24.20452284908021,0,0
67.23584819343905,1,0.7153429133443547,21.882903301602205,1,0
100.28860105367296,0,0.1264023248061826,18.20218155970249,0,0
64.9438758539612,3,0.5679637187086972,27.807472167722096,0,0
160.2439270954877,0,0.36430939915154753,3.699661119179055,1,0
79.59700937682867,0,0.3561031542152058,18.918264792643424,0,0
45.898579175686,0,0.31397030823786115,32.20268179548248,1,0
91.61450383228502,1,0.14857406164123282,33.05825157367838,0,0
108.40960209376938,0,0.5261685061017051,31.152580920808067,0,0
86.98916285985104,2,0.43896950501511717,22.892134308419163,0,0
195.09603759139074,4,0.663246373966415,2.441938911893452,1,1
127.41803867701918,1,0.240016238905163,42.43034199625068,0,0
135.84884111270833,2,0.33785861431847053,30.75068735709182,0,0
25.377620743834427,0,0.5122769260340537,30.617106426804046,1,0
54.672975753295916,0,0.18154853202081522,26.308548774570355,0,0
81.94174942796379,0,0.21765557331507016,24.283025474220118,0,0
67.82482350795453,2,0.5241584415904984,30.119556470828527,0,0
107.9862741596217,0,0.16778916895170065,43.34264538751072,0,0
157.90013387060458,0,0.3740818130637026,26.638064747424064,0,0
73.5252866387652,4,0.20673982015400963,47.36568724471225,0,0
147.91544364195187,2,0.4482218809309397,24.188794416564324,0,0
32.203351460322125,1,0.11277903106071388,49.89629192693816,0,0
105.32096287569334,2,0.5830452217926847,28.4323632950614,0,0
65.40096350333297,3,0.11566422662576994,40.16458100169097,0,0
106.14081736486204,1,0.20503448750163772,59.30962612574988,1,0
21.241225872632995,0,0.15758652844290522,61.01959088086012,0,0
39.15516178268362,0,0.3173603314339531,15.893611774731784,0,0
106.06187555138477,2,0.7169830132409867,44.404453038916515,0,0
64.05996558480068,0,0.3588705820826565,20.67001163849611,0,0
75.72153097404554,0,0.3376283374636604,36.50279435933459,0,0
157.77883664343955,1,0.4182161739829947,37.86585603038977,0,0
93.22771582841649,3,0.3679825977104001,42.33466760319601,1,0
122.25762754270208,3,0.2080092834732131,16.643298372866006,0,0
59.147658315029304,2,0.20771450464721442,17.856572165011897,0,0
37.03425966971163,1,0.3463909235173772,22.070995795463986,0,0
200.52006478416828,7,0.8111909119173094,11.298327885210638,1,1
31.362162673283173,0,0.5952011381541036,34.94695788320634,1,0
61.45359507681637,2,0.18852731654259772,36.937977734147225,1,0
213.90014544793658,5,0.781745643171178,7.656071159020003,1,1
83.77208591165348,0,0.13039217362312935,34.00940735130449,0,0
100.71173664881464,1,0.1913049342965393,24.093314834156104,0,0
110.8120990480791,1,0.2553447044178571,24.614138356036893,1,0
42.56246079936798,1,0.26569315576088476,30.464226540767925,0,0
52.20649768564353,1,0.16704413999550138,13.809668087412014,0,0
5.213800576236821,0,0.3276714049459404,38.366198544383145,0,0
73.92011430957056,0,0.3347367577958785,14.801297687787724,0,0
115.99672638945476,0,0.10035710020953861,27.06539407943577,0,0
144.6685208170465,3,0.1333580974099014,40.90149544167133,1,0
95.23831102516048,0,0.5841393432444956,13.862029530943165,1,0
140.18269681462223,0,0.241635230445535,15.166298126820159,1,0
102.5854269034874,0,0.5418736159125457,44.42696805566398,1,0
92.08307797903869,1,0.44364624144124176,19.101386751697916,0,0
64.77094668976312,3,0.25125758866037645,43.613713423631964,1,0
0.0,1,0.31626509729958413,37.271538798211736,0,0
134.48120051434464,2,0.13500994972586583,15.921318272245102,0,0
85.97745094841923,0,0.37574049300830237,34.05449607614683,0,0
140.7552679424196,0,0.7915938595871344,37.43568652795621,0,0
51.91394148348436,1,0.3836154151775879,15.266743006613524,0,0
180.2951679827492,1,0.3614190897216277,32.72942697946257,1,0
78.54608432268137,2,0.10638338033742474,42.02880470876245,0,0
61.69681823777216,2,0.21609346785665573,31.018909771595382,0,0
79.84816223759854,1,0.07874570127979061,33.79806119758988,1,0
110.82816989362904,4,0.7472643125558661,14.631933639864421,1,1
85.34372376911102,0,0.2811001319511804,44.281774935132766,1,0
68.41744445320045,0,0.4687969152355274,30.83460813064368,0,0
19.469182866960608,0,0.3223543731365675,23.62705225265997,1,0
57.435551993294084,1,0.2684939093466492,29.30551887638459,0,0
128.82855544008308,1,0.45261823084592745,13.234329401221753,0,0
54.57053738203087,0,0.5360214753053801,0.0,0,0
22.755951790295484,2,0.23194171266838298,22.065031774121074,0,0
47.89100958480444,1,0.443313569453384,50.290101018413964,0,0
84.63144106211283,2,0.22844554613191903,44.226012594219824,0,0
59.149595645193635,1,0.22037962365855446,12.283026589324798,0,0
77.36619100905052,0,0.4349125933167552,19.410790824592883,0,0
57.65877822345945,1,0.1818440195549637,24.51292752118695,0,0
126.37026806302813,3,0.18608648845040635,29.70766220984909,0,0
106.65228141034618,1,0.09574377361800794,19.63428523562445,0,0
172.28246352808492,0,0.20372392634814143,24.649929414424605,0,0
147.96545703620748,5,0.562629644536657,10.214761348423737,1,1
77.17459134090792,4,0.41868942547257537,20.003034022625517,0,0
132.9730768945941,0,0.2674359346066371,38.74292405239847,0,0
102.85831863745761,2,0.3571322773842369,41.1430096464122,0,0
52.22274615230756,0,0.24891459725057904,60.78348381996157,0,0
109.14401011529762,0,0.5408947500852102,23.75207291276736,0,0
103.06809809789475,0,0.6831949929572254,18.582120216415753,0,0
19.835756251221866,1,0.5348215135726511,11.361127214913104,0,0
63.25019340331067,3,0.4587664881620408,39.9256680299472,0,0
95.23216722226547,2,0.3194594532211684,37.14283299739176,0,0
142.95862887527377,0,0.12738009880968237,30.75783600180581,0,0
114.52394088315755,2,0.2600632304389595,35.87760497237034,0,0
66.5663046629842,2,0.2338698183499429,32.995739722058765,0,0
61.08832762865423,1,0.4239397305083712,27.09602419622341,0,0
118.31386326856969,0,0.34215996495640344,27.971502097781418,0,0
0.0,1,0.2811997913171475,30.83846620669467,0,0
57.31190970574312,1,0.3590819177134287,61.41591929275252,0,0
141.55370409025494,2,0.48922567019667007,42.92577265481202,0,0
99.27906421085575,1,0.33562287545321207,18.018896119769913,0,0
59.17087621533869,1,0.17544290965443213,36.76573748576145,0,0
42.32082983098743,2,0.38457088390657274,31.91572720161011,0,0
119.90991738358761,3,0.4033170273277464,53.67007197146756,1,0
90.95683117053429,1,0.6439342590280203,47.10561684892557,0,0
79.68900253044305,1,0.23957491777022913,30.791401933815308,0,0
102.21126117824329,1,0.2548051125748164,31.6602432202718,0,0
94.2547258865821,0,0.40949447821465185,18.361112229439186,1,0
91.34042068039392,1,0.627290369285863,39.859666916928504,1,0
37.68089328093039,0,0.18674912080601286,45.75849847756439,1,0
48.99584417356441,0,0.07903809558941853,33.46099464252643,0,0
116.4346565715878,2,0.35007042323848364,35.174216952763175,0,0
109.24775447977301,0,0.363395450203656,28.08191053258664,0,0
102.52055717958868,2,0.5235763750655492,42.58144725711112,0,0
65.71251881190572,0,0.3455191008821763,15.905850822433237,0,0
117.0772172930566,1,0.19628816639434696,18.57767074821704,0,0
73.91169715968726,1,0.5503307619152487,43.14907290313823,0,0
137.4582715211264,2,0.4446547552639729,15.07336917504935,1,0
168.60116880928447,2,0.7713916248824607,14.61830586638998,1,1
68.03906981856827,2,0.25482726236351066,28.657961915209125,0,0
82.24494564513634,1,0.1757346309959753,37.65419716116265,0,0
120.19741826182084,2,0.44312124322320756,33.847032380285306,0,0
86.66703331263972,0,0.23656525744939985,0.0,0,0
89.43192924995012,2,0.23861024046661314,38.971922210233075,0,0
73.11953375221054,0,0.1493191698689998,29.348401486857476,1,0
175.6867796310974,5,0.7240507760001665,12.992991690946127,0,1
85.31224122442592,1,0.473455330824938,20.361930741692788,0,0
58.19650941124068,2,0.23168390740864608,50.908992226081835,0,0
150.8411020861404,3,0.8994899058517584,9.948193114526898,1,1
93.73073320775082,1,0.13479598188155442,26.44836284214138,0,0
177.29242465416917,0,0.5713669602093128,47.122024058747854,0,0
64.78100899722816,1,0.5126675858312342,59.05985204610613,0,0
56.10372178238284,1,0.425431719623806,17.91558650070447,0,0
98.60330190255804,0,0.3193183128366011,61.920366158799624,0,0
50.272216147497005,0,0.42350637931988444,3.4437325818306483,1,0
47.22409438079471,3,0.24769202252771633,41.071073159454535,0,0
152.6722492543408,2,0.8383154810932454,12.256199208701712,0,1
58.56620452268746,1,0.12900959137359044,19.61623913686383,0,0
59.50426565420861,0,0.5104333900354887,46.74652993340672,0,0
161.91335958454863,4,0.7568354621285489,0.0,1,1
78.48921801886593,1,0.5526334485932429,23.001544639343543,0,0
144.04449276215294,7,0.6030691759844771,16.58224557939451,1,1
106.68709968984439,0,0.3953334512325501,31.053838387670144,1,0
66.84182881633953,1,0.2641475806974557,33.71693474407828,0,0
72.42822025529463,1,0.14589512785891692,17.673945844004848,0,0
110.30125039369146,2,0.33779727272428106,49.0925331073093,0,0
102.12626855659191,0,0.317986677807241,24.706491058518118,0,0
64.06357037725604,2,0.42591871711459484,31.538107529421694,0,0
105.16804871500999,2,0.41915729727940065,34.78047291832886,0,0
146.85799511433913,0,0.4570909031071174,67.94969880164385,0,0
49.53702391719078,1,0.6068907235014924,47.39196205394346,0,0
116.6434390315443,1,0.30420915623750205,41.78692332164411,0,0
189.17470369244828,1,0.8505088371787226,4.760852751406415,1,1
132.66619036917876,1,0.4749205230623789,36.48655377620939,0,0
190.48450188757533,4,0.8839024257828237,9.061551598309832,1,1
59.49535638273258,0,0.5228689848864857,31.629939084697106,1,0
131.66998536537085,1,0.3520821963960364,43.49712243426622,0,0
115.41984793871906,0,0.275367217426234,69.57262141538246,0,0
199.94908394350395,5,0.9060455951272648,10.5596224739928,1,1
92.84001207338444,0,0.5158118559660971,36.96631444812856,0,0
61.021827781510574,1,0.68699821332061,36.69338514452712,0,0
27.475965177985216,1,0.38140374206865957,29.155336953992823,1,0
95.1928344888445,1,0.2567145199831141,23.966840364909217,1,0
74.45595762334115,1,0.08791398140290188,23.345825161761766,0,0
52.05832486231622,2,0.21731098365052817,58.89709333309903,0,0
137.57917302526982,2,0.28772510579986166,33.90253191849595,0,0
53.34323320428173,0,0.24119169940786891,44.15911203863274,0,0
93.47118774546043,1,0.4475792645790422,28.641558359677397,1,0
129.03663967820157,3,0.44396482121629033,37.19568035266302,0,0
78.26989675559673,1,0.4994910444715816,38.198518307242594,0,0
69.76583525252207,1,0.6791977232780695,13.851193069869138,1,1
99.31443556985221,0,0.056653435077768884,35.16768081829675,0,0
105.31658949613025,0,0.19193959621836848,47.40564776562937,0,0
121.30930647426976,0,0.39192584203931624,18.647177859330085,0,0
227.91095811177124,2,0.6405291104117757,0.0,1,1
70.62294143161724,3,0.24832998780259133,38.86738444725087,1,0
95.44245220967741,2,0.2528908533597017,41.580804720408864,0,0
39.76886798009475,2,0.5492263266510677,43.518614197609196,0,0
97.95626209976277,6,0.7361953101736058,19.70437923402134,1,1
163.98254758494443,3,0.8409527707789065,9.494487794978404,1,1
81.20980284590408,0,0.49521831556944534,27.134003075397217,0,0
64.51370052169615,2,0.2736291479793879,49.50268976432315,0,0
106.34958359914837,3,0.8938244653983135,0.0069622490489607,1,1
96.9806543728829,1,0.45576045565611645,42.482411558477665,0,0
51.28552526399287,0,0.33269525850465825,16.291723926480945,0,0
76.3294560293387,2,0.12860013926764036,39.956612507238845,0,0
88.63376565168016,0,0.3808289229533246,33.85084371111682,1,0
253.80916031707994,5,0.7482420025609947,11.682574215156418,1,1
48.05070088341598,2,0.17678248995232312,47.53168209904039,0,0
62.91982763126214,1,0.22649522230871452,34.69323008221328,1,0
147.5928058440179,0,0.48197150446764664,34.41974183705986,0,0
56.43244457644607,0,0.12892446580264455,14.856738591867291,0,0
85.87991843832475,1,0.05695416728164215,23.767122898540876,0,0
48.458577619301515,0,0.500024650157424,34.20802003331545,1,0
58.49667869839286,1,0.3140248335529682,23.90798803312461,0,0
33.241681881187596,2,0.2976560678532666,49.423637313455174,0,0
172.50646371810507,2,0.7006425986461461,16.572663714197724,1,1
37.62924221746839,0,0.3111620137464479,20.431024093896948,1,0
122.46641849949737,1,0.5214398720961546,18.60482663738785,0,0
105.78009345008914,1,0.3082077210182169,30.399852128270165,1,0
85.13472981146944,0,0.30691627794635057,42.215774872624806,1,0
123.72098402494059,1,0.20916914592513933,20.726708861352378,1,0
205.9216484923357,5,0.3439696832898049,19.455299789503936,1,0
106.14597436280292,1,0.26673233179850536,25.08626574924567,0,0
45.4376963640966,1,0.23401719765846238,31.190922524390896,1,0
134.23225536811896,2,0.8986089487934303,10.474632244686918,0,1
95.0722353479741,4,0.14529945875100805,33.4551104829927,0,0
168.2226892433473,1,0.1536755501218356,50.676766665930145,1,0
68.77009156615105,0,0.3735923478266873,31.83559968393875,0,0
122.3902956290888,6,0.7561688400979962,3.2309880107833466,1,1
167.11032165042522,2,0.6319234790034413,0.0,1,1
188.955677279638,1,0.17234836903815937,18.178010703720293,1,0
77.299171291181,0,0.29614119494807717,38.36754497560815,1,0
202.063408236032,1,0.5014194262856704,32.32169022738289,0,0
104.71339000825323,0,0.09722421026831092,52.31027527836764,0,0
120.18466080837621,1,0.24468240992983595,47.04926367576107,1,0
168.78383408754826,7,0.7086445846649746,7.254565321949943,0,1
58.065336974726904,0,0.13128189807933574,34.51221716857455,1,0
124.82568014901665,1,0.4790903829160395,14.488297749933707,0,0
76.87537304690953,2,0.188985629758842,45.68786863320855,0,0
93.74251741419536,0,0.44337615813871967,20.565692977096617,0,0
91.15632778160234,1,0.41981237193151255,41.444012178486346,0,0
109.75160798440876,0,0.24103995089273292,45.817879908877266,0,0
108.14700443557595,1,0.5278914236636099,10.138961105958536,0,0
66.14259303941222,2,0.1273913042976385,49.68245920325216,0,0
92.74445849780629,0,0.21100465472178506,45.47494650459508,0,0
0.0,0,0.1712923494616181,19.35981348800114,0,0
101.87288476021686,2,0.8991372254929367,5.873234451991033,1,1
134.5930903977086,5,0.6302874015143477,2.4581593606041583,1,1
95.2438658499179,1,0.20458498676918824,42.90276909694444,0,0
26.97115588803529,2,0.43286686020762877,30.90525624580596,0,0
116.23201017663115,1,0.1751376787737003,14.963941176320937,1,0
58.976758369191614,1,0.5319804400871327,49.713646002023665,0,0
94.92802109966195,2,0.6557419198259067,49.68414939930599,0,0
114.04934684106243,4,0.5120085229319083,34.30930962290695,0,0
157.59032152661638,5,0.64884457504816,9.770548707598232,1,1
129.05523940267332,5,0.7274638322557296,5.8477955629417835,1,1
93.56246430972251,1,0.13937164130155383,38.63867348567819,1,0
94.58774117836728,1,0.23642594546281226,36.90604016696961,0,0
115.99803422885908,1,0.23086328410809104,50.31635274021498,0,0
85.28708235677176,3,0.31761665906676795,34.52242781114198,0,0
61.85970808009749,1,0.28994121529176264,48.79830731843825,1,0
105.17670014326973,0,0.18606304122165646,9.674844955849792,0,0
45.103206846948446,1,0.26331108060321284,41.725340563732594,0,0
84.92617440684862,1,0.1002520083019518,34.13561025311482,0,0
35.64448188890155,1,0.10005330053631172,36.30778207961037,0,0
118.68596125874731,1,0.7325563021269643,6.969125706694081,1,1
68.4930466839508,1,0.5014047581926204,45.28546182340415,0,0
50.599789105319594,1,0.271381845289501,27.796066672220064,0,0
129.82021172291726,0,0.29631291968683,21.772667163645973,0,0
126.68368079236085,3,0.193569588860516,9.004038510241575,1,0
137.9324842256123,3,0.6391213374499177,37.4042383769513,0,0
80.86191953199162,0,0.32819205295163556,46.75911625017852,0,0
71.5228964361927,0,0.2757698318383161,47.21693149563211,0,0
118.53622259968253,0,0.5736031013800375,27.157151778915363,0,0
92.87969001417616,2,0.2045015454616062,47.010298736084806,0,0
92.69366356990155,3,0.24145071562151987,47.247161519435565,0,0
0.0,0,0.3100662461056229,43.59140803787401,1,0
116.7475549197562,0,0.41394810181510894,32.629913640948615,1,0
111.71104933357749,1,0.5075936114958607,31.456664180428636,0,0
87.7941759218331,0,0.22646886643609232,38.420432392567626,1,0
119.00221542963429,1,0.6897629165707885,40.18736397044674,1,0
110.8646755998814,2,0.383257997951664,26.305181845178787,0,0
61.52596677583492,2,0.31182868142640796,27.658258149058966,0,0
79.64812246436134,0,0.5082884513334422,35.22805186059835,0,0
49.704162589808796,4,0.19064837729860068,24.57751383369856,0,0
143.56508148985603,1,0.4031020281549188,25.899719010661595,1,0
125.13285818608159,1,0.11240447326514802,10.881644814890773,0,0
57.07114112374898,0,0.6013660494263419,19.891173741805922,1,0
111.51726962680584,1,0.4968815359347843,40.93331889565732,1,0
98.5865087238066,3,0.6583436326122641,44.084642653684575,0,0
61.93378883102784,2,0.21624451019282978,31.528968046135585,0,0
92.72442632788187,3,0.4781244272411756,41.48933493656216,0,0
120.61861850251165,0,0.5483487156251055,5.225205284570009,1,0
123.71694204361515,3,0.3927297424433873,37.136747925336195,1,0
176.61538045062872,1,0.43301899690635354,14.4892837299086,0,0
91.5829878205271,2,0.33199618931930563,21.920691740359644,0,0
78.96402050377024,1,0.30363682605151365,39.790915879046324,0,0
172.09719093511964,5,0.5108066512978418,18.353902710541185,1,1
81.04742351542822,3,0.48166952485066905,9.136265467981602,0,0
164.68357831003166,8,0.9705116774033955,21.1429652696328,0,1
52.82023703707482,0,0.6609422885582382,23.949749994946455,1,0
0.0,1,0.5102840856183456,10.498294033327472,1,0
115.92389834788523,0,0.1251376063108028,27.033745166150226,0,0
25.75699818127567,0,0.46702404769971767,42.40001567253066,1,0
54.565569154814646,1,0.49544555058202744,13.375310950002945,1,0
99.11285646541096,0,0.10457837868005428,56.1524240392973,1,0
151.7327362662018,2,0.6818255315188118,0.0,1,1
169.67329546877386,2,0.2813250372676503,36.4662935799221,0,0
30.648881022939932,1,0.234265526583041,19.660170746945234,0,0
173.0714016442008,0,0.6120863610456242,44.49675098766282,1,0
140.46221514392198,2,0.4587779476184713,34.806212898870605,1,0
122.54566263373553,0,0.5115257642805751,35.054039915820304,0,0
142.6938627061466,4,0.1546028577528031,36.64127272385629,0,0
103.37525595120954,4,0.20318351409404745,16.479020448273385,0,0
23.276386105835158,1,0.6579687727138112,36.92676361639809,0,0
107.56436388240519,1,0.48182640797689763,40.451481815910824,0,0
31.7343351094337,0,0.21828935732229482,13.630923432539827,1,0
67.9222333973999,0,0.20956769985334983,28.76631796826596,0,0
85.03288028680194,2,0.2515155217033641,28.30976145451221,0,0
53.37962431963634,0,0.34473681803109485,32.508866405430155,1,0
197.6628751560105,6,0.9223472944878987,2.7854275392653367,1,1
79.87721207403146,3,0.17466777624630003,41.817606155456524,0,0
281.49614032717426,3,0.8935095890618323,4.4260920279748905,1,1
87.64229983030617,1,0.22505287932433055,43.47041020216008,1,0
92.79480806759192,1,0.35337120636922087,15.470391737082814,0,0
54.299043191779646,3,0.2801098125238111,35.1365896200083,0,0
43.38642508233397,0,0.3982471261767452,7.830835131085884,0,0
82.15679052636231,0,0.15815306161247247,26.02390783310867,1,0
51.287657475967876,0,0.2293622353532692,37.78083566862818,1,0
140.95511678838776,2,0.2804614194647998,40.56972519500923,0,0
35.69546681590852,3,0.30497345746453497,35.52650670003657,0,0
176.80608781967283,1,0.29461507703478323,50.888734135152,1,0
182.36260714745637,5,0.8212014333817185,15.949718847606437,1,1
90.63442238622078,0,0.22198174045176663,11.547073622346655,1,0
67.46988252964282,1,0.38400615378846303,4.715686750608054,0,0
112.96299922940057,1,0.13229793306947185,20.0951560542892,0,0
80.2375495926011,0,0.35164982356183266,20.019039717278446,0,0
180.1671048586514,7,0.43854573568563,15.19916838099438,1,1
119.98928034751196,2,0.4674072702005407,25.383762734164613,1,0
113.43375982935859,0,0.2840192236607711,20.578531909427355,1,0
135.11472563601268,1,0.7472200987176737,25.00628808909896,1,0
108.4379607991097,1,0.2673344760024586,27.943530913020446,0,0
51.85182784792067,2,0.48351232553959766,21.97059789668142,1,0
8.968005225895894,0,0.6755006051250981,32.467326998797716,0,0
96.01928171305609,5,0.6003476977901927,43.36893275635014,1,0
123.78249682074429,4,0.859149943392816,12.633764652248626,0,1
162.58893643664283,3,0.844267312651039,12.704833368483266,1,1
83.59805655662397,0,0.40834650680258744,56.837172999500254,0,0
102.23070751834133,1,0.367519250789319,34.94088597357167,0,0
117.53270341909555,0,0.1454745459545502,45.08458596608148,1,0
107.50950859752535,0,0.5402664761544888,26.329198689830637,0,0
120.06986408905719,0,0.37755518369404034,46.02839977242975,1,0
56.908046291217374,0,0.4062780471257225,22.356167678696153,0,0
50.898079316836956,0,0.30743185919190097,39.219638357046826,1,0
77.33868843884653,5,0.23336825786905924,44.92647194641138,1,0
5.38547719166327,2,0.30430731994832566,50.50562211522771,0,0
86.49597556981729,1,0.2713705237349667,33.50761889653628,0,0
62.93584248848796,0,0.24175207095131548,28.76034850021724,1,0
100.2441066778539,0,0.4239029196620467,15.405581249175238,0,0
77.92738601787694,1,0.11401855059674411,31.11764361186233,0,0
49.413553119883844,0,0.19035834882305763,41.65057687475696,0,0
137.81256079434445,1,0.611500847874764,40.37622298420969,0,0
91.13572595990334,1,0.1241302404780034,31.766289103363494,0,0
120.78863597416054,2,0.1652020903988968,36.447257026210366,0,0
94.9735495086555,2,0.13158768848117658,52.05192537711012,0,0
105.63181498586795,2,0.5924257303954465,40.17395026225673,0,0
36.282162463245115,1,0.2004724540084686,29.191436124536438,0,0
136.56793315033912,1,0.2675215307826591,31.96735382595213,1,0
121.38990271429923,3,0.5224739341662071,40.10742490551293,0,0
87.28406857444605,0,0.32024718631956695,39.132630036805544,0,0
98.94407956718398,0,0.44037013087164295,59.0854852207273,0,0
126.0990226885977,2,0.22518495221798976,51.808161147485166,0,0
206.18010502600043,5,0.7164695353400048,0.0,1,1
27.842944242748295,0,0.4463075719146494,24.19588151216915,0,0
74.57596897343383,0,0.1529246902593471,47.33927006242526,1,0
93.79080070188013,2,0.35619245045526265,22.67869411461762,0,0
86.76728790121206,1,0.7646708499839789,34.02227581514103,0,0
138.06751397849322,0,0.3584904737967044,51.493499129488015,0,0
51.523709221066525,0,0.30923621167666726,35.745111159852556,0,0
56.334956042262334,2,0.2783706181833471,43.794988075111846,0,0
47.794232936251674,2,0.4432360462080641,34.656774664599496,0,0
104.29216161218439,1,0.38759486670443294,31.148073441454105,0,0
30.010717383194304,2,0.5804705240367145,9.905234494138512,0,0
116.26274312526583,0,0.45109920782137963,35.083992995756255,0,0
52.550388190240376,1,0.5857767432003711,25.639620378418257,1,0
58.62211032932836,0,0.5962668545459222,48.113447334662595,0,0
155.26855987966684,1,0.38173625575835357,1.6953650234923714,0,0
134.8380296904358,1,0.16717531313351042,25.9106351086895,0,0
92.53010607476227,1,0.24975024289019157,48.66314265607586,0,0
38.18055027937767,1,0.23773920303567567,55.47363883031332,1,0
164.5480533527326,0,0.4169550972416146,45.83295755409037,0,0
80.53978100743701,1,0.2512047838143304,40.03186836293011,0,0
97.40807710579249,1,0.218078813433629,11.310885336893044,0,0
122.65348322623538,1,0.5359246074932876,19.28664468350133,0,0
13.409982151482595,3,0.30015007947408556,43.146557423579054,0,0
63.67858139039889,0,0.35454522380722076,16.52307362079939,0,0
85.41315987871879,2,0.34448760695649466,29.18495354612827,1,0
92.96734904503502,1,0.4972330876816137,28.263757700339497,0,0
38.46294000135273,1,0.4289318817173411,37.032508779768946,0,0
100.4008311299424,2,0.14097455853439886,40.045731533721025,1,0
89.28213534966488,0,0.5475720476642617,1.535116744160117,0,0
151.35807066298526,0,0.23402096094226663,35.41871987072011,1,0
126.01104998221686,0,0.22884754087515466,23.832932327206116,0,0
77.76828008353715,2,0.35757922667173947,38.67376666244755,0,0
80.54935949584922,0,0.6615522383985276,10.6490140513914,0,0
126.55087727226976,1,0.5440903317602018,44.190265164470745,0,0
99.26930560480756,5,0.5769127651377921,9.000724809880168,1,1
35.89693039392326,1,0.11774183954487404,27.356629863481256,0,0
167.5640517410306,1,0.48822392874178666,51.56890590989671,0,0
50.384989669218555,0,0.3330865789686467,30.362982634973093,1,0
182.20084264917773,2,0.1303312390542541,43.855160097800734,0,0
104.26228703902645,1,0.6227374377352717,31.706693820224558,0,0
63.85323099244104,0,0.28530223936505994,51.97969906449691,1,0
0.0,0,0.38371417254139134,36.077916740295976,0,0
118.60102927955619,4,0.7705919732930916,25.633839222794883,1,1
29.088197746470357,0,0.49241475596247647,34.161594602028686,1,0
101.57719321799232,2,0.3458578292634499,28.44622936209288,0,0
161.47804269585066,0,0.3229383975651201,42.50123769734503,0,0
179.06098848273007,5,0.7239416832784136,2.1420049499556812,1,1
116.04610565877421,1,0.40673201852912017,40.742895610764506,0,0
126.45884883735616,2,0.43711784034849427,11.92141834507186,1,1
131.0596823972183,0,0.17796388823575301,38.441043704268864,1,0
152.9846235733154,3,0.6659350946246486,22.913793494935923,1,1
87.27559088156491,0,0.41739398862830623,37.37008750755006,0,0
133.8769558360584,0,0.17559080607624203,44.58123578875521,1,0
111.76111276370864,0,0.41975927607004476,16.795952078386474,1,0
57.42181653606916,0,0.24561366132063428,13.69378395406736,0,0
155.9103100266634,0,0.16130319613708893,42.14569495499264,0,0
205.72903242168377,5,0.6384578277937962,0.0,0,1
139.96885119981584,6,0.5316664747085948,9.978753259163764,1,1
56.73114174620669,2,0.2609303887499348,52.53381762317037,0,0
31.485461112801126,0,0.05485814200699457,14.339184522302464,0,0
44.90112162761058,0,0.3613926138443967,13.292138608629628,1,0
86.12889824605602,1,0.5530304505861364,41.62929432821356,1,0
101.28961703764558,0,0.2523496269993119,47.74916901560128,0,0
128.2394095855779,1,0.14317325867636654,52.572232340000355,0,0
144.08938735695966,3,0.49332415527100704,41.67950555429238,0,0
98.55211158995338,0,0.4915226229048394,30.390029630815405,0,0
71.15865540290929,1,0.3458880119973668,33.15056631298812,0,0
127.4826576661744,1,0.21646111269379234,36.0352105987236,0,0
64.64362359879432,0,0.293836075324452,52.20391600319058,0,0
27.36664789680873,1,0.15201608815358233,35.515783336777275,0,0
123.6824374728215,0,0.3575546170614072,23.723330446553696,0,0
166.08747624263563,3,0.7052518717332004,0.0,1,1
56.77115737319812,1,0.28820914016805255,13.247953986507127,0,0
147.05979677209626,2,0.6236247121963943,4.586948755550642,0,1
110.15598811576314,1,0.34163513595091716,28.308695429987743,0,0
104.49055516266593,0,0.3656500831242355,27.323440117857842,0,0
68.3659282455644,1,0.14851376237120323,12.960399451620184,0,0
149.38242802446572,0,0.7565990511348539,11.98774943486819,0,1
238.1495559284788,7,0.49836996261264016,1.1268489833518656,1,1
75.08796306808522,3,0.21639475164033656,42.06180341460876,1,0
60.13979703343551,2,0.28625006107200807,26.98796665376954,0,0
38.26055549439928,0,0.44734903158331757,32.90260158526459,1,0
120.79352330199494,0,0.4648652825076383,42.528413726780144,1,0
100.96326211045417,1,0.24477191778853408,64.04845447802234,0,0
118.578277197378,1,0.20397848144251107,28.205639528042486,0,0
77.42459966090625,0,0.46541261315317367,21.90136496260606,0,0
125.43302297497712,2,0.4501629841323827,41.48088278345476,1,0
90.93138673997746,0,0.15828273187769973,42.22276821902327,0,0
70.05843930904697,0,0.42420414303053783,16.30525575229425,0,0
63.72222690855385,1,0.5368347004192258,18.57440428765065,1,0
165.05298095320853,8,0.8729441543594134,6.104476118933151,1,1
132.2461095298436,3,0.4022217813163825,23.40485868785762,0,0
127.9343964195208,1,0.27792082488484987,42.36045558859286,1,0
199.24001813229088,0,0.26794681101959505,36.28534253999487,1,0
75.28445122302965,0,0.11486339207169434,34.02244066051953,0,0
62.66184311354515,3,0.16112319469178568,20.219494943259,0,0
121.67192213631063,4,0.8198802205524856,16.4516484770795,1,1
124.47872106436475,2,0.5543411771951933,32.89123240147734,1,0
115.73340451273515,2,0.5432291378749787,31.41729468204727,1,0
146.96763693334057,2,0.5125912841922698,37.873613708297896,0,0
53.167603261967564,1,0.39192905325554017,48.6524251356633,0,0
115.22189144967666,0,0.5609110365390098,18.33348983749161,0,0
